periodo,indicador,valor,unidade,categoria,documento,url_origem,pagina,data_coleta
Dez/24,Carteira de crédito,546265.0,R$ milhões,Crédito e risco,Informe de Resultados 1T25 (BRGAAP) - Santander Brasil,https://api.mziq.com/mzfilemanager/v2/d/a2595886-9fbb-4339-8a38-71d6ce7c7d36/118f8091-12e1-8f80-bee8-c6a1f3f1660e?origin=2,11,2026-08-14
Mar/24,Carteira de crédito,549657.0,R$ milhões,Crédito e risco,Informe de Resultados 1T25 (BRGAAP) - Santander Brasil,https://api.mziq.com/mzfilemanager/v2/d/a2595886-9fbb-4339-8a38-71d6ce7c7d36/118f8091-12e1-8f80-bee8-c6a1f3f1660e?origin=2,11,2026-08-14
Dez/24,Carteira de crédito ampliada,682293.0,R$ milhões,Crédito e risco,Informe de Resultados 1T25 (BRGAAP) - Santander Brasil,https://api.mziq.com/mzfilemanager/v2/d/a2595886-9fbb-4339-8a38-71d6ce7c7d36/118f8091-12e1-8f80-bee8-c6a1f3f1660e?origin=2,11,2026-08-14
Mar/24,Carteira de crédito ampliada,682693.0,R$ milhões,Crédito e risco,Informe de Resultados 1T25 (BRGAAP) - Santander Brasil,https://api.mziq.com/mzfilemanager/v2/d/a2595886-9fbb-4339-8a38-71d6ce7c7d36/118f8091-12e1-8f80-bee8-c6a1f3f1660e?origin=2,11,2026-08-14
1T24,Provisão de crédito,-6682.0,R$ milhões,Crédito e risco,Informe de Resultados 1T25 (BRGAAP) - Santander Brasil,https://api.mziq.com/mzfilemanager/v2/d/a2595886-9fbb-4339-8a38-71d6ce7c7d36/118f8091-12e1-8f80-bee8-c6a1f3f1660e?origin=2,12,2026-08-14
4T24,Provisão de crédito,-7012.0,R$ milhões,Crédito e risco,Informe de Resultados 1T25 (BRGAAP) - Santander Brasil,https://api.mziq.com/mzfilemanager/v2/d/a2595886-9fbb-4339-8a38-71d6ce7c7d36/118f8091-12e1-8f80-bee8-c6a1f3f1660e?origin=2,12,2026-08-14
1T24,Recuperação de crédito,750.0,R$ milhões,Crédito e risco,Informe de Resultados 1T25 (BRGAAP) - Santander Brasil,https://api.mziq.com/mzfilemanager/v2/d/a2595886-9fbb-4339-8a38-71d6ce7c7d36/118f8091-12e1-8f80-bee8-c6a1f3f1660e?origin=2,12,2026-08-14
4T24,Recuperação de crédito,622.0,R$ milhões,Crédito e risco,Informe de Resultados 1T25 (BRGAAP) - Santander Brasil,https://api.mziq.com/mzfilemanager/v2/d/a2595886-9fbb-4339-8a38-71d6ce7c7d36/118f8091-12e1-8f80-bee8-c6a1f3f1660e?origin=2,12,2026-08-14
1T24,Resultado de PDD,-5932.0,R$ milhões,Crédito e risco,Informe de Resultados 1T25 (BRGAAP) - Santander Brasil,https://api.mziq.com/mzfilemanager/v2/d/a2595886-9fbb-4339-8a38-71d6ce7c7d36/118f8091-12e1-8f80-bee8-c6a1f3f1660e?origin=2,12,2026-08-14
4T24,Resultado de PDD,-6390.0,R$ milhões,Crédito e risco,Informe de Resultados 1T25 (BRGAAP) - Santander Brasil,https://api.mziq.com/mzfilemanager/v2/d/a2595886-9fbb-4339-8a38-71d6ce7c7d36/118f8091-12e1-8f80-bee8-c6a1f3f1660e?origin=2,12,2026-08-14
1T24,Índice de inadimplência 15-90 dias,3.7,%,Crédito e risco,Informe de Resultados 1T25 (BRGAAP) - Santander Brasil,https://api.mziq.com/mzfilemanager/v2/d/a2595886-9fbb-4339-8a38-71d6ce7c7d36/118f8091-12e1-8f80-bee8-c6a1f3f1660e?origin=2,11,2026-08-14
4T24,Índice de inadimplência 15-90 dias,4.1,%,Crédito e risco,Informe de Resultados 1T25 (BRGAAP) - Santander Brasil,https://api.mziq.com/mzfilemanager/v2/d/a2595886-9fbb-4339-8a38-71d6ce7c7d36/118f8091-12e1-8f80-bee8-c6a1f3f1660e?origin=2,11,2026-08-14
1T24,Índice de inadimplência acima de 90 dias,3.2,%,Crédito e risco,Informe de Resultados 1T25 (BRGAAP) - Santander Brasil,https://api.mziq.com/mzfilemanager/v2/d/a2595886-9fbb-4339-8a38-71d6ce7c7d36/118f8091-12e1-8f80-bee8-c6a1f3f1660e?origin=2,11,2026-08-14
4T24,Índice de inadimplência acima de 90 dias,3.3,%,Crédito e risco,Informe de Resultados 1T25 (BRGAAP) - Santander Brasil,https://api.mziq.com/mzfilemanager/v2/d/a2595886-9fbb-4339-8a38-71d6ce7c7d36/118f8091-12e1-8f80-bee8-c6a1f3f1660e?origin=2,11,2026-08-14
1T24,Comissões,5515.0,R$ milhões,Desempenho financeiro,Informe de Resultados 1T25 (BRGAAP) - Santander Brasil,https://api.mziq.com/mzfilemanager/v2/d/a2595886-9fbb-4339-8a38-71d6ce7c7d36/118f8091-12e1-8f80-bee8-c6a1f3f1660e?origin=2,12,2026-08-14
4T24,Comissões,5137.0,R$ milhões,Desempenho financeiro,Informe de Resultados 1T25 (BRGAAP) - Santander Brasil,https://api.mziq.com/mzfilemanager/v2/d/a2595886-9fbb-4339-8a38-71d6ce7c7d36/118f8091-12e1-8f80-bee8-c6a1f3f1660e?origin=2,12,2026-08-14
1T24,Lucro líquido,3855.0,R$ milhões,Desempenho financeiro,Informe de Resultados 1T25 (BRGAAP) - Santander Brasil,https://api.mziq.com/mzfilemanager/v2/d/a2595886-9fbb-4339-8a38-71d6ce7c7d36/118f8091-12e1-8f80-bee8-c6a1f3f1660e?origin=2,12,2026-08-14
4T24,Lucro líquido,3861.0,R$ milhões,Desempenho financeiro,Informe de Resultados 1T25 (BRGAAP) - Santander Brasil,https://api.mziq.com/mzfilemanager/v2/d/a2595886-9fbb-4339-8a38-71d6ce7c7d36/118f8091-12e1-8f80-bee8-c6a1f3f1660e?origin=2,12,2026-08-14
1T24,Lucro líquido contábil,3746.0,R$ milhões,Desempenho financeiro,Informe de Resultados 1T25 (BRGAAP) - Santander Brasil,https://api.mziq.com/mzfilemanager/v2/d/a2595886-9fbb-4339-8a38-71d6ce7c7d36/118f8091-12e1-8f80-bee8-c6a1f3f1660e?origin=2,12,2026-08-14
4T24,Lucro líquido contábil,3778.0,R$ milhões,Desempenho financeiro,Informe de Resultados 1T25 (BRGAAP) - Santander Brasil,https://api.mziq.com/mzfilemanager/v2/d/a2595886-9fbb-4339-8a38-71d6ce7c7d36/118f8091-12e1-8f80-bee8-c6a1f3f1660e?origin=2,12,2026-08-14
1T24,Lucro líquido gerencial,3855.0,R$ milhões,Desempenho financeiro,Informe de Resultados 1T25 (BRGAAP) - Santander Brasil,https://api.mziq.com/mzfilemanager/v2/d/a2595886-9fbb-4339-8a38-71d6ce7c7d36/118f8091-12e1-8f80-bee8-c6a1f3f1660e?origin=2,11,2026-08-14
4T24,Lucro líquido gerencial,3861.0,R$ milhões,Desempenho financeiro,Informe de Resultados 1T25 (BRGAAP) - Santander Brasil,https://api.mziq.com/mzfilemanager/v2/d/a2595886-9fbb-4339-8a38-71d6ce7c7d36/118f8091-12e1-8f80-bee8-c6a1f3f1660e?origin=2,11,2026-08-14
1T24,Lucro líquido gerencial por unit,4.13,R$,Desempenho financeiro,Informe de Resultados 1T25 (BRGAAP) - Santander Brasil,https://api.mziq.com/mzfilemanager/v2/d/a2595886-9fbb-4339-8a38-71d6ce7c7d36/118f8091-12e1-8f80-bee8-c6a1f3f1660e?origin=2,11,2026-08-14
4T24,Lucro líquido gerencial por unit,4.13,R$,Desempenho financeiro,Informe de Resultados 1T25 (BRGAAP) - Santander Brasil,https://api.mziq.com/mzfilemanager/v2/d/a2595886-9fbb-4339-8a38-71d6ce7c7d36/118f8091-12e1-8f80-bee8-c6a1f3f1660e?origin=2,11,2026-08-14
1T24,Lucro líquido societário por unit,4.02,R$,Desempenho financeiro,Informe de Resultados 1T25 (BRGAAP) - Santander Brasil,https://api.mziq.com/mzfilemanager/v2/d/a2595886-9fbb-4339-8a38-71d6ce7c7d36/118f8091-12e1-8f80-bee8-c6a1f3f1660e?origin=2,11,2026-08-14
4T24,Lucro líquido societário por unit,4.05,R$,Desempenho financeiro,Informe de Resultados 1T25 (BRGAAP) - Santander Brasil,https://api.mziq.com/mzfilemanager/v2/d/a2595886-9fbb-4339-8a38-71d6ce7c7d36/118f8091-12e1-8f80-bee8-c6a1f3f1660e?origin=2,11,2026-08-14
1T24,Margem financeira,15978.0,R$ milhões,Desempenho financeiro,Informe de Resultados 1T25 (BRGAAP) - Santander Brasil,https://api.mziq.com/mzfilemanager/v2/d/a2595886-9fbb-4339-8a38-71d6ce7c7d36/118f8091-12e1-8f80-bee8-c6a1f3f1660e?origin=2,13,2026-08-14
4T24,Margem financeira,15922.0,R$ milhões,Desempenho financeiro,Informe de Resultados 1T25 (BRGAAP) - Santander Brasil,https://api.mziq.com/mzfilemanager/v2/d/a2595886-9fbb-4339-8a38-71d6ce7c7d36/118f8091-12e1-8f80-bee8-c6a1f3f1660e?origin=2,13,2026-08-14
1T24,Margem financeira bruta,15978.0,R$ milhões,Desempenho financeiro,Informe de Resultados 1T25 (BRGAAP) - Santander Brasil,https://api.mziq.com/mzfilemanager/v2/d/a2595886-9fbb-4339-8a38-71d6ce7c7d36/118f8091-12e1-8f80-bee8-c6a1f3f1660e?origin=2,12,2026-08-14
4T24,Margem financeira bruta,15922.0,R$ milhões,Desempenho financeiro,Informe de Resultados 1T25 (BRGAAP) - Santander Brasil,https://api.mziq.com/mzfilemanager/v2/d/a2595886-9fbb-4339-8a38-71d6ce7c7d36/118f8091-12e1-8f80-bee8-c6a1f3f1660e?origin=2,12,2026-08-14
1T24,Margem financeira com clientes,15780.0,R$ milhões,Desempenho financeiro,Informe de Resultados 1T25 (BRGAAP) - Santander Brasil,https://api.mziq.com/mzfilemanager/v2/d/a2595886-9fbb-4339-8a38-71d6ce7c7d36/118f8091-12e1-8f80-bee8-c6a1f3f1660e?origin=2,12,2026-08-14
4T24,Margem financeira com clientes,15825.0,R$ milhões,Desempenho financeiro,Informe de Resultados 1T25 (BRGAAP) - Santander Brasil,https://api.mziq.com/mzfilemanager/v2/d/a2595886-9fbb-4339-8a38-71d6ce7c7d36/118f8091-12e1-8f80-bee8-c6a1f3f1660e?origin=2,12,2026-08-14
1T24,Margem financeira com o mercado,198.0,R$ milhões,Desempenho financeiro,Informe de Resultados 1T25 (BRGAAP) - Santander Brasil,https://api.mziq.com/mzfilemanager/v2/d/a2595886-9fbb-4339-8a38-71d6ce7c7d36/118f8091-12e1-8f80-bee8-c6a1f3f1660e?origin=2,12,2026-08-14
4T24,Margem financeira com o mercado,97.0,R$ milhões,Desempenho financeiro,Informe de Resultados 1T25 (BRGAAP) - Santander Brasil,https://api.mziq.com/mzfilemanager/v2/d/a2595886-9fbb-4339-8a38-71d6ce7c7d36/118f8091-12e1-8f80-bee8-c6a1f3f1660e?origin=2,12,2026-08-14
1T24,Receita total,21493.0,R$ milhões,Desempenho financeiro,Informe de Resultados 1T25 (BRGAAP) - Santander Brasil,https://api.mziq.com/mzfilemanager/v2/d/a2595886-9fbb-4339-8a38-71d6ce7c7d36/118f8091-12e1-8f80-bee8-c6a1f3f1660e?origin=2,12,2026-08-14
4T24,Receita total,21058.0,R$ milhões,Desempenho financeiro,Informe de Resultados 1T25 (BRGAAP) - Santander Brasil,https://api.mziq.com/mzfilemanager/v2/d/a2595886-9fbb-4339-8a38-71d6ce7c7d36/118f8091-12e1-8f80-bee8-c6a1f3f1660e?origin=2,12,2026-08-14
1T24,Resultado antes de impostos,5104.0,R$ milhões,Desempenho financeiro,Informe de Resultados 1T25 (BRGAAP) - Santander Brasil,https://api.mziq.com/mzfilemanager/v2/d/a2595886-9fbb-4339-8a38-71d6ce7c7d36/118f8091-12e1-8f80-bee8-c6a1f3f1660e?origin=2,12,2026-08-14
4T24,Resultado antes de impostos,4747.0,R$ milhões,Desempenho financeiro,Informe de Resultados 1T25 (BRGAAP) - Santander Brasil,https://api.mziq.com/mzfilemanager/v2/d/a2595886-9fbb-4339-8a38-71d6ce7c7d36/118f8091-12e1-8f80-bee8-c6a1f3f1660e?origin=2,12,2026-08-14
1T24,Resultado não operacional,8.0,R$ milhões,Desempenho financeiro,Informe de Resultados 1T25 (BRGAAP) - Santander Brasil,https://api.mziq.com/mzfilemanager/v2/d/a2595886-9fbb-4339-8a38-71d6ce7c7d36/118f8091-12e1-8f80-bee8-c6a1f3f1660e?origin=2,12,2026-08-14
4T24,Resultado não operacional,43.0,R$ milhões,Desempenho financeiro,Informe de Resultados 1T25 (BRGAAP) - Santander Brasil,https://api.mziq.com/mzfilemanager/v2/d/a2595886-9fbb-4339-8a38-71d6ce7c7d36/118f8091-12e1-8f80-bee8-c6a1f3f1660e?origin=2,12,2026-08-14
1T24,Resultado operacional,5096.0,R$ milhões,Desempenho financeiro,Informe de Resultados 1T25 (BRGAAP) - Santander Brasil,https://api.mziq.com/mzfilemanager/v2/d/a2595886-9fbb-4339-8a38-71d6ce7c7d36/118f8091-12e1-8f80-bee8-c6a1f3f1660e?origin=2,12,2026-08-14
4T24,Resultado operacional,4704.0,R$ milhões,Desempenho financeiro,Informe de Resultados 1T25 (BRGAAP) - Santander Brasil,https://api.mziq.com/mzfilemanager/v2/d/a2595886-9fbb-4339-8a38-71d6ce7c7d36/118f8091-12e1-8f80-bee8-c6a1f3f1660e?origin=2,12,2026-08-14
1T24,Despesas administrativas,-3463.0,R$ milhões,Eficiência,Informe de Resultados 1T25 (BRGAAP) - Santander Brasil,https://api.mziq.com/mzfilemanager/v2/d/a2595886-9fbb-4339-8a38-71d6ce7c7d36/118f8091-12e1-8f80-bee8-c6a1f3f1660e?origin=2,12,2026-08-14
4T24,Despesas administrativas,-3384.0,R$ milhões,Eficiência,Informe de Resultados 1T25 (BRGAAP) - Santander Brasil,https://api.mziq.com/mzfilemanager/v2/d/a2595886-9fbb-4339-8a38-71d6ce7c7d36/118f8091-12e1-8f80-bee8-c6a1f3f1660e?origin=2,12,2026-08-14
1T24,Despesas de pessoal,-3306.0,R$ milhões,Eficiência,Informe de Resultados 1T25 (BRGAAP) - Santander Brasil,https://api.mziq.com/mzfilemanager/v2/d/a2595886-9fbb-4339-8a38-71d6ce7c7d36/118f8091-12e1-8f80-bee8-c6a1f3f1660e?origin=2,12,2026-08-14
4T24,Despesas de pessoal,-3189.0,R$ milhões,Eficiência,Informe de Resultados 1T25 (BRGAAP) - Santander Brasil,https://api.mziq.com/mzfilemanager/v2/d/a2595886-9fbb-4339-8a38-71d6ce7c7d36/118f8091-12e1-8f80-bee8-c6a1f3f1660e?origin=2,12,2026-08-14
1T24,Despesas gerais,-6769.0,R$ milhões,Eficiência,Informe de Resultados 1T25 (BRGAAP) - Santander Brasil,https://api.mziq.com/mzfilemanager/v2/d/a2595886-9fbb-4339-8a38-71d6ce7c7d36/118f8091-12e1-8f80-bee8-c6a1f3f1660e?origin=2,12,2026-08-14
4T24,Despesas gerais,-6573.0,R$ milhões,Eficiência,Informe de Resultados 1T25 (BRGAAP) - Santander Brasil,https://api.mziq.com/mzfilemanager/v2/d/a2595886-9fbb-4339-8a38-71d6ce7c7d36/118f8091-12e1-8f80-bee8-c6a1f3f1660e?origin=2,12,2026-08-14
1T24,Despesas tributárias,-1485.0,R$ milhões,Eficiência,Informe de Resultados 1T25 (BRGAAP) - Santander Brasil,https://api.mziq.com/mzfilemanager/v2/d/a2595886-9fbb-4339-8a38-71d6ce7c7d36/118f8091-12e1-8f80-bee8-c6a1f3f1660e?origin=2,12,2026-08-14
4T24,Despesas tributárias,-1341.0,R$ milhões,Eficiência,Informe de Resultados 1T25 (BRGAAP) - Santander Brasil,https://api.mziq.com/mzfilemanager/v2/d/a2595886-9fbb-4339-8a38-71d6ce7c7d36/118f8091-12e1-8f80-bee8-c6a1f3f1660e?origin=2,12,2026-08-14
1T24,Índice de eficiência,38.0,%,Eficiência,Informe de Resultados 1T25 (BRGAAP) - Santander Brasil,https://api.mziq.com/mzfilemanager/v2/d/a2595886-9fbb-4339-8a38-71d6ce7c7d36/118f8091-12e1-8f80-bee8-c6a1f3f1660e?origin=2,11,2026-08-14
4T24,Índice de eficiência,37.2,%,Eficiência,Informe de Resultados 1T25 (BRGAAP) - Santander Brasil,https://api.mziq.com/mzfilemanager/v2/d/a2595886-9fbb-4339-8a38-71d6ce7c7d36/118f8091-12e1-8f80-bee8-c6a1f3f1660e?origin=2,11,2026-08-14
1T24,Índice de recorrência,81.5,%,Eficiência,Informe de Resultados 1T25 (BRGAAP) - Santander Brasil,https://api.mziq.com/mzfilemanager/v2/d/a2595886-9fbb-4339-8a38-71d6ce7c7d36/118f8091-12e1-8f80-bee8-c6a1f3f1660e?origin=2,11,2026-08-14
4T24,Índice de recorrência,78.1,%,Eficiência,Informe de Resultados 1T25 (BRGAAP) - Santander Brasil,https://api.mziq.com/mzfilemanager/v2/d/a2595886-9fbb-4339-8a38-71d6ce7c7d36/118f8091-12e1-8f80-bee8-c6a1f3f1660e?origin=2,11,2026-08-14
Dez/24,Ativos ponderados pelo risco (RWA),725641.0,R$ milhões,Estrutura financeira,Informe de Resultados 1T25 (BRGAAP) - Santander Brasil,https://api.mziq.com/mzfilemanager/v2/d/a2595886-9fbb-4339-8a38-71d6ce7c7d36/118f8091-12e1-8f80-bee8-c6a1f3f1660e?origin=2,24,2026-08-14
Mar/24,Ativos ponderados pelo risco (RWA),707454.0,R$ milhões,Estrutura financeira,Informe de Resultados 1T25 (BRGAAP) - Santander Brasil,https://api.mziq.com/mzfilemanager/v2/d/a2595886-9fbb-4339-8a38-71d6ce7c7d36/118f8091-12e1-8f80-bee8-c6a1f3f1660e?origin=2,24,2026-08-14
Dez/24,Ativos totais,1234641.0,R$ milhões,Estrutura financeira,Informe de Resultados 1T25 (BRGAAP) - Santander Brasil,https://api.mziq.com/mzfilemanager/v2/d/a2595886-9fbb-4339-8a38-71d6ce7c7d36/118f8091-12e1-8f80-bee8-c6a1f3f1660e?origin=2,11,2026-08-14
Mar/24,Ativos totais,1335238.0,R$ milhões,Estrutura financeira,Informe de Resultados 1T25 (BRGAAP) - Santander Brasil,https://api.mziq.com/mzfilemanager/v2/d/a2595886-9fbb-4339-8a38-71d6ce7c7d36/118f8091-12e1-8f80-bee8-c6a1f3f1660e?origin=2,11,2026-08-14
Dez/24,Captações de clientes,651486.0,R$ milhões,Estrutura financeira,Informe de Resultados 1T25 (BRGAAP) - Santander Brasil,https://api.mziq.com/mzfilemanager/v2/d/a2595886-9fbb-4339-8a38-71d6ce7c7d36/118f8091-12e1-8f80-bee8-c6a1f3f1660e?origin=2,11,2026-08-14
Mar/24,Captações de clientes,645526.0,R$ milhões,Estrutura financeira,Informe de Resultados 1T25 (BRGAAP) - Santander Brasil,https://api.mziq.com/mzfilemanager/v2/d/a2595886-9fbb-4339-8a38-71d6ce7c7d36/118f8091-12e1-8f80-bee8-c6a1f3f1660e?origin=2,11,2026-08-14
Dez/24,Depósitos,492541.0,R$ milhões,Estrutura financeira,Informe de Resultados 1T25 (BRGAAP) - Santander Brasil,https://api.mziq.com/mzfilemanager/v2/d/a2595886-9fbb-4339-8a38-71d6ce7c7d36/118f8091-12e1-8f80-bee8-c6a1f3f1660e?origin=2,20,2026-08-14
Mar/24,Depósitos,495328.0,R$ milhões,Estrutura financeira,Informe de Resultados 1T25 (BRGAAP) - Santander Brasil,https://api.mziq.com/mzfilemanager/v2/d/a2595886-9fbb-4339-8a38-71d6ce7c7d36/118f8091-12e1-8f80-bee8-c6a1f3f1660e?origin=2,20,2026-08-14
1T24,JCP + Dividendos,1500.0,R$ milhões,Estrutura financeira,Informe de Resultados 1T25 (BRGAAP) - Santander Brasil,https://api.mziq.com/mzfilemanager/v2/d/a2595886-9fbb-4339-8a38-71d6ce7c7d36/118f8091-12e1-8f80-bee8-c6a1f3f1660e?origin=2,11,2026-08-14
4T24,JCP + Dividendos,1500.0,R$ milhões,Estrutura financeira,Informe de Resultados 1T25 (BRGAAP) - Santander Brasil,https://api.mziq.com/mzfilemanager/v2/d/a2595886-9fbb-4339-8a38-71d6ce7c7d36/118f8091-12e1-8f80-bee8-c6a1f3f1660e?origin=2,11,2026-08-14
Dez/24,Passivos totais,1234641.0,R$ milhões,Estrutura financeira,Informe de Resultados 1T25 (BRGAAP) - Santander Brasil,https://api.mziq.com/mzfilemanager/v2/d/a2595886-9fbb-4339-8a38-71d6ce7c7d36/118f8091-12e1-8f80-bee8-c6a1f3f1660e?origin=2,20,2026-08-14
Mar/24,Passivos totais,1335238.0,R$ milhões,Estrutura financeira,Informe de Resultados 1T25 (BRGAAP) - Santander Brasil,https://api.mziq.com/mzfilemanager/v2/d/a2595886-9fbb-4339-8a38-71d6ce7c7d36/118f8091-12e1-8f80-bee8-c6a1f3f1660e?origin=2,20,2026-08-14
Dez/24,Patrimônio líquido,90544.0,R$ milhões,Estrutura financeira,Informe de Resultados 1T25 (BRGAAP) - Santander Brasil,https://api.mziq.com/mzfilemanager/v2/d/a2595886-9fbb-4339-8a38-71d6ce7c7d36/118f8091-12e1-8f80-bee8-c6a1f3f1660e?origin=2,11,2026-08-14
Mar/24,Patrimônio líquido,90744.0,R$ milhões,Estrutura financeira,Informe de Resultados 1T25 (BRGAAP) - Santander Brasil,https://api.mziq.com/mzfilemanager/v2/d/a2595886-9fbb-4339-8a38-71d6ce7c7d36/118f8091-12e1-8f80-bee8-c6a1f3f1660e?origin=2,11,2026-08-14
1T24,Quantidade de ações em circulação,7460.0,milhões de ações,Estrutura financeira,Informe de Resultados 1T25 (BRGAAP) - Santander Brasil,https://api.mziq.com/mzfilemanager/v2/d/a2595886-9fbb-4339-8a38-71d6ce7c7d36/118f8091-12e1-8f80-bee8-c6a1f3f1660e?origin=2,11,2026-08-14
4T24,Quantidade de ações em circulação,7471.0,milhões de ações,Estrutura financeira,Informe de Resultados 1T25 (BRGAAP) - Santander Brasil,https://api.mziq.com/mzfilemanager/v2/d/a2595886-9fbb-4339-8a38-71d6ce7c7d36/118f8091-12e1-8f80-bee8-c6a1f3f1660e?origin=2,11,2026-08-14
Dez/24,Total de captações,723210.0,R$ milhões,Estrutura financeira,Informe de Resultados 1T25 (BRGAAP) - Santander Brasil,https://api.mziq.com/mzfilemanager/v2/d/a2595886-9fbb-4339-8a38-71d6ce7c7d36/118f8091-12e1-8f80-bee8-c6a1f3f1660e?origin=2,24,2026-08-14
Mar/24,Total de captações,715621.0,R$ milhões,Estrutura financeira,Informe de Resultados 1T25 (BRGAAP) - Santander Brasil,https://api.mziq.com/mzfilemanager/v2/d/a2595886-9fbb-4339-8a38-71d6ce7c7d36/118f8091-12e1-8f80-bee8-c6a1f3f1660e?origin=2,24,2026-08-14
1T24,Valor de mercado,88900.0,R$ milhões,Estrutura financeira,Informe de Resultados 1T25 (BRGAAP) - Santander Brasil,https://api.mziq.com/mzfilemanager/v2/d/a2595886-9fbb-4339-8a38-71d6ce7c7d36/118f8091-12e1-8f80-bee8-c6a1f3f1660e?origin=2,11,2026-08-14
4T24,Valor de mercado,99507.0,R$ milhões,Estrutura financeira,Informe de Resultados 1T25 (BRGAAP) - Santander Brasil,https://api.mziq.com/mzfilemanager/v2/d/a2595886-9fbb-4339-8a38-71d6ce7c7d36/118f8091-12e1-8f80-bee8-c6a1f3f1660e?origin=2,11,2026-08-14
1T24,Valor patrimonial por unit,23.73,R$,Estrutura financeira,Informe de Resultados 1T25 (BRGAAP) - Santander Brasil,https://api.mziq.com/mzfilemanager/v2/d/a2595886-9fbb-4339-8a38-71d6ce7c7d36/118f8091-12e1-8f80-bee8-c6a1f3f1660e?origin=2,11,2026-08-14
4T24,Valor patrimonial por unit,23.69,R$,Estrutura financeira,Informe de Resultados 1T25 (BRGAAP) - Santander Brasil,https://api.mziq.com/mzfilemanager/v2/d/a2595886-9fbb-4339-8a38-71d6ce7c7d36/118f8091-12e1-8f80-bee8-c6a1f3f1660e?origin=2,11,2026-08-14
Dez/24,Índice de Basileia,14.3,%,Estrutura financeira,Informe de Resultados 1T25 (BRGAAP) - Santander Brasil,https://api.mziq.com/mzfilemanager/v2/d/a2595886-9fbb-4339-8a38-71d6ce7c7d36/118f8091-12e1-8f80-bee8-c6a1f3f1660e?origin=2,11,2026-08-14
Mar/24,Índice de Basileia,14.3,%,Estrutura financeira,Informe de Resultados 1T25 (BRGAAP) - Santander Brasil,https://api.mziq.com/mzfilemanager/v2/d/a2595886-9fbb-4339-8a38-71d6ce7c7d36/118f8091-12e1-8f80-bee8-c6a1f3f1660e?origin=2,11,2026-08-14
Dez/24,Índice de capital principal (CET1),11.1,%,Estrutura financeira,Informe de Resultados 1T25 (BRGAAP) - Santander Brasil,https://api.mziq.com/mzfilemanager/v2/d/a2595886-9fbb-4339-8a38-71d6ce7c7d36/118f8091-12e1-8f80-bee8-c6a1f3f1660e?origin=2,11,2026-08-14
Mar/24,Índice de capital principal (CET1),11.0,%,Estrutura financeira,Informe de Resultados 1T25 (BRGAAP) - Santander Brasil,https://api.mziq.com/mzfilemanager/v2/d/a2595886-9fbb-4339-8a38-71d6ce7c7d36/118f8091-12e1-8f80-bee8-c6a1f3f1660e?origin=2,11,2026-08-14
Dez/24,Caixas eletrônicos próprios,7146.0,unidades,Negócio e escala,Informe de Resultados 1T25 (BRGAAP) - Santander Brasil,https://api.mziq.com/mzfilemanager/v2/d/a2595886-9fbb-4339-8a38-71d6ce7c7d36/118f8091-12e1-8f80-bee8-c6a1f3f1660e?origin=2,11,2026-08-14
Mar/24,Caixas eletrônicos próprios,7615.0,unidades,Negócio e escala,Informe de Resultados 1T25 (BRGAAP) - Santander Brasil,https://api.mziq.com/mzfilemanager/v2/d/a2595886-9fbb-4339-8a38-71d6ce7c7d36/118f8091-12e1-8f80-bee8-c6a1f3f1660e?origin=2,11,2026-08-14
1T24,Lojas e PABs,2264.0,unidades,Negócio e escala,Informe de Resultados 1T25 (BRGAAP) - Santander Brasil,https://api.mziq.com/mzfilemanager/v2/d/a2595886-9fbb-4339-8a38-71d6ce7c7d36/118f8091-12e1-8f80-bee8-c6a1f3f1660e?origin=2,19,2026-08-14
4T24,Lojas e PABs,2105.0,unidades,Negócio e escala,Informe de Resultados 1T25 (BRGAAP) - Santander Brasil,https://api.mziq.com/mzfilemanager/v2/d/a2595886-9fbb-4339-8a38-71d6ce7c7d36/118f8091-12e1-8f80-bee8-c6a1f3f1660e?origin=2,19,2026-08-14
Dez/24,Número de PABs,979.0,unidades,Negócio e escala,Informe de Resultados 1T25 (BRGAAP) - Santander Brasil,https://api.mziq.com/mzfilemanager/v2/d/a2595886-9fbb-4339-8a38-71d6ce7c7d36/118f8091-12e1-8f80-bee8-c6a1f3f1660e?origin=2,11,2026-08-14
Mar/24,Número de PABs,1025.0,unidades,Negócio e escala,Informe de Resultados 1T25 (BRGAAP) - Santander Brasil,https://api.mziq.com/mzfilemanager/v2/d/a2595886-9fbb-4339-8a38-71d6ce7c7d36/118f8091-12e1-8f80-bee8-c6a1f3f1660e?origin=2,11,2026-08-14
1T24,Número de clientes,15780.0,milhões de clientes,Negócio e escala,Informe de Resultados 1T25 (BRGAAP) - Santander Brasil,https://api.mziq.com/mzfilemanager/v2/d/a2595886-9fbb-4339-8a38-71d6ce7c7d36/118f8091-12e1-8f80-bee8-c6a1f3f1660e?origin=2,13,2026-08-14
4T24,Número de clientes,15825.0,milhões de clientes,Negócio e escala,Informe de Resultados 1T25 (BRGAAP) - Santander Brasil,https://api.mziq.com/mzfilemanager/v2/d/a2595886-9fbb-4339-8a38-71d6ce7c7d36/118f8091-12e1-8f80-bee8-c6a1f3f1660e?origin=2,13,2026-08-14
1T24,Número de funcionários,55646.0,unidades,Negócio e escala,Informe de Resultados 1T25 (BRGAAP) - Santander Brasil,https://api.mziq.com/mzfilemanager/v2/d/a2595886-9fbb-4339-8a38-71d6ce7c7d36/118f8091-12e1-8f80-bee8-c6a1f3f1660e?origin=2,19,2026-08-14
4T24,Número de funcionários,55303.0,unidades,Negócio e escala,Informe de Resultados 1T25 (BRGAAP) - Santander Brasil,https://api.mziq.com/mzfilemanager/v2/d/a2595886-9fbb-4339-8a38-71d6ce7c7d36/118f8091-12e1-8f80-bee8-c6a1f3f1660e?origin=2,19,2026-08-14
Dez/24,Número de funcionários,55303.0,unidades,Negócio e escala,Informe de Resultados 1T25 (BRGAAP) - Santander Brasil,https://api.mziq.com/mzfilemanager/v2/d/a2595886-9fbb-4339-8a38-71d6ce7c7d36/118f8091-12e1-8f80-bee8-c6a1f3f1660e?origin=2,11,2026-08-14
Mar/24,Número de funcionários,55646.0,unidades,Negócio e escala,Informe de Resultados 1T25 (BRGAAP) - Santander Brasil,https://api.mziq.com/mzfilemanager/v2/d/a2595886-9fbb-4339-8a38-71d6ce7c7d36/118f8091-12e1-8f80-bee8-c6a1f3f1660e?origin=2,11,2026-08-14
Dez/24,Número de lojas,1126.0,unidades,Negócio e escala,Informe de Resultados 1T25 (BRGAAP) - Santander Brasil,https://api.mziq.com/mzfilemanager/v2/d/a2595886-9fbb-4339-8a38-71d6ce7c7d36/118f8091-12e1-8f80-bee8-c6a1f3f1660e?origin=2,11,2026-08-14
Mar/24,Número de lojas,1239.0,unidades,Negócio e escala,Informe de Resultados 1T25 (BRGAAP) - Santander Brasil,https://api.mziq.com/mzfilemanager/v2/d/a2595886-9fbb-4339-8a38-71d6ce7c7d36/118f8091-12e1-8f80-bee8-c6a1f3f1660e?origin=2,11,2026-08-14
Dez/24,(-) Depósitos Compulsórios,-92488.0,número,Outros,Informe de Resultados 1T25 (BRGAAP) - Santander Brasil,https://api.mziq.com/mzfilemanager/v2/d/a2595886-9fbb-4339-8a38-71d6ce7c7d36/118f8091-12e1-8f80-bee8-c6a1f3f1660e?origin=2,24,2026-08-14
Mar/24,(-) Depósitos Compulsórios,-91825.0,número,Outros,Informe de Resultados 1T25 (BRGAAP) - Santander Brasil,https://api.mziq.com/mzfilemanager/v2/d/a2595886-9fbb-4339-8a38-71d6ce7c7d36/118f8091-12e1-8f80-bee8-c6a1f3f1660e?origin=2,24,2026-08-14
1T24,Administração de Recursos,374.0,número,Outros,Informe de Resultados 1T25 (BRGAAP) - Santander Brasil,https://api.mziq.com/mzfilemanager/v2/d/a2595886-9fbb-4339-8a38-71d6ce7c7d36/118f8091-12e1-8f80-bee8-c6a1f3f1660e?origin=2,14,2026-08-14
4T24,Administração de Recursos,414.0,número,Outros,Informe de Resultados 1T25 (BRGAAP) - Santander Brasil,https://api.mziq.com/mzfilemanager/v2/d/a2595886-9fbb-4339-8a38-71d6ce7c7d36/118f8091-12e1-8f80-bee8-c6a1f3f1660e?origin=2,14,2026-08-14
1T24,Aluguéis,-167.0,número,Outros,Informe de Resultados 1T25 (BRGAAP) - Santander Brasil,https://api.mziq.com/mzfilemanager/v2/d/a2595886-9fbb-4339-8a38-71d6ce7c7d36/118f8091-12e1-8f80-bee8-c6a1f3f1660e?origin=2,19,2026-08-14
4T24,Aluguéis,-164.0,número,Outros,Informe de Resultados 1T25 (BRGAAP) - Santander Brasil,https://api.mziq.com/mzfilemanager/v2/d/a2595886-9fbb-4339-8a38-71d6ce7c7d36/118f8091-12e1-8f80-bee8-c6a1f3f1660e?origin=2,19,2026-08-14
Dez/24,Aplicações Interfinanceiras de Liquidez,39516.0,número,Outros,Informe de Resultados 1T25 (BRGAAP) - Santander Brasil,https://api.mziq.com/mzfilemanager/v2/d/a2595886-9fbb-4339-8a38-71d6ce7c7d36/118f8091-12e1-8f80-bee8-c6a1f3f1660e?origin=2,20,2026-08-14
Mar/24,Aplicações Interfinanceiras de Liquidez,110781.0,número,Outros,Informe de Resultados 1T25 (BRGAAP) - Santander Brasil,https://api.mziq.com/mzfilemanager/v2/d/a2595886-9fbb-4339-8a38-71d6ce7c7d36/118f8091-12e1-8f80-bee8-c6a1f3f1660e?origin=2,20,2026-08-14
Dez/24,Ativo Circulante e Realizável a Longo Prazo,1219181.0,número,Outros,Informe de Resultados 1T25 (BRGAAP) - Santander Brasil,https://api.mziq.com/mzfilemanager/v2/d/a2595886-9fbb-4339-8a38-71d6ce7c7d36/118f8091-12e1-8f80-bee8-c6a1f3f1660e?origin=2,20,2026-08-14
Mar/24,Ativo Circulante e Realizável a Longo Prazo,1319296.0,número,Outros,Informe de Resultados 1T25 (BRGAAP) - Santander Brasil,https://api.mziq.com/mzfilemanager/v2/d/a2595886-9fbb-4339-8a38-71d6ce7c7d36/118f8091-12e1-8f80-bee8-c6a1f3f1660e?origin=2,20,2026-08-14
Dez/24,Ativos Financeiros Mensurados ao Valor Justo por meio do Resultado,237620.0,número,Outros,Informe de Resultados 1T25 (BRGAAP) - Santander Brasil,https://api.mziq.com/mzfilemanager/v2/d/a2595886-9fbb-4339-8a38-71d6ce7c7d36/118f8091-12e1-8f80-bee8-c6a1f3f1660e?origin=2,20,2026-08-14
Dez/24,Avais e fianças,67498.0,número,Outros,Informe de Resultados 1T25 (BRGAAP) - Santander Brasil,https://api.mziq.com/mzfilemanager/v2/d/a2595886-9fbb-4339-8a38-71d6ce7c7d36/118f8091-12e1-8f80-bee8-c6a1f3f1660e?origin=2,21,2026-08-14
Mar/24,Avais e fianças,65103.0,número,Outros,Informe de Resultados 1T25 (BRGAAP) - Santander Brasil,https://api.mziq.com/mzfilemanager/v2/d/a2595886-9fbb-4339-8a38-71d6ce7c7d36/118f8091-12e1-8f80-bee8-c6a1f3f1660e?origin=2,21,2026-08-14
1T24,Benefícios,-443.0,número,Outros,Informe de Resultados 1T25 (BRGAAP) - Santander Brasil,https://api.mziq.com/mzfilemanager/v2/d/a2595886-9fbb-4339-8a38-71d6ce7c7d36/118f8091-12e1-8f80-bee8-c6a1f3f1660e?origin=2,19,2026-08-14
4T24,Benefícios,-434.0,número,Outros,Informe de Resultados 1T25 (BRGAAP) - Santander Brasil,https://api.mziq.com/mzfilemanager/v2/d/a2595886-9fbb-4339-8a38-71d6ce7c7d36/118f8091-12e1-8f80-bee8-c6a1f3f1660e?origin=2,19,2026-08-14
Dez/24,C/A (%),94.4,%,Outros,Informe de Resultados 1T25 (BRGAAP) - Santander Brasil,https://api.mziq.com/mzfilemanager/v2/d/a2595886-9fbb-4339-8a38-71d6ce7c7d36/118f8091-12e1-8f80-bee8-c6a1f3f1660e?origin=2,24,2026-08-14
Mar/24,C/A (%),95.7,%,Outros,Informe de Resultados 1T25 (BRGAAP) - Santander Brasil,https://api.mziq.com/mzfilemanager/v2/d/a2595886-9fbb-4339-8a38-71d6ce7c7d36/118f8091-12e1-8f80-bee8-c6a1f3f1660e?origin=2,24,2026-08-14
Dez/24,C/B (%),85.0,%,Outros,Informe de Resultados 1T25 (BRGAAP) - Santander Brasil,https://api.mziq.com/mzfilemanager/v2/d/a2595886-9fbb-4339-8a38-71d6ce7c7d36/118f8091-12e1-8f80-bee8-c6a1f3f1660e?origin=2,24,2026-08-14
Mar/24,C/B (%),86.3,%,Outros,Informe de Resultados 1T25 (BRGAAP) - Santander Brasil,https://api.mziq.com/mzfilemanager/v2/d/a2595886-9fbb-4339-8a38-71d6ce7c7d36/118f8091-12e1-8f80-bee8-c6a1f3f1660e?origin=2,24,2026-08-14
Dez/24,Caixas eletrônicos - Rede 24h,24285.0,número,Outros,Informe de Resultados 1T25 (BRGAAP) - Santander Brasil,https://api.mziq.com/mzfilemanager/v2/d/a2595886-9fbb-4339-8a38-71d6ce7c7d36/118f8091-12e1-8f80-bee8-c6a1f3f1660e?origin=2,11,2026-08-14
Mar/24,Caixas eletrônicos - Rede 24h,24214.0,número,Outros,Informe de Resultados 1T25 (BRGAAP) - Santander Brasil,https://api.mziq.com/mzfilemanager/v2/d/a2595886-9fbb-4339-8a38-71d6ce7c7d36/118f8091-12e1-8f80-bee8-c6a1f3f1660e?origin=2,11,2026-08-14
Dez/24,Capital Complementar (%),1.1,%,Outros,Informe de Resultados 1T25 (BRGAAP) - Santander Brasil,https://api.mziq.com/mzfilemanager/v2/d/a2595886-9fbb-4339-8a38-71d6ce7c7d36/118f8091-12e1-8f80-bee8-c6a1f3f1660e?origin=2,24,2026-08-14
Mar/24,Capital Complementar (%),1.1,%,Outros,Informe de Resultados 1T25 (BRGAAP) - Santander Brasil,https://api.mziq.com/mzfilemanager/v2/d/a2595886-9fbb-4339-8a38-71d6ce7c7d36/118f8091-12e1-8f80-bee8-c6a1f3f1660e?origin=2,24,2026-08-14
Dez/24,Capital Principal,80206.0,número,Outros,Informe de Resultados 1T25 (BRGAAP) - Santander Brasil,https://api.mziq.com/mzfilemanager/v2/d/a2595886-9fbb-4339-8a38-71d6ce7c7d36/118f8091-12e1-8f80-bee8-c6a1f3f1660e?origin=2,24,2026-08-14
Mar/24,Capital Principal,77548.0,número,Outros,Informe de Resultados 1T25 (BRGAAP) - Santander Brasil,https://api.mziq.com/mzfilemanager/v2/d/a2595886-9fbb-4339-8a38-71d6ce7c7d36/118f8091-12e1-8f80-bee8-c6a1f3f1660e?origin=2,24,2026-08-14
Dez/24,Capital de Giro/Outros,91106.0,número,Outros,Informe de Resultados 1T25 (BRGAAP) - Santander Brasil,https://api.mziq.com/mzfilemanager/v2/d/a2595886-9fbb-4339-8a38-71d6ce7c7d36/118f8091-12e1-8f80-bee8-c6a1f3f1660e?origin=2,22,2026-08-14
Mar/24,Capital de Giro/Outros,89042.0,número,Outros,Informe de Resultados 1T25 (BRGAAP) - Santander Brasil,https://api.mziq.com/mzfilemanager/v2/d/a2595886-9fbb-4339-8a38-71d6ce7c7d36/118f8091-12e1-8f80-bee8-c6a1f3f1660e?origin=2,22,2026-08-14
Dez/24,Capital de Nível I,88002.0,número,Outros,Informe de Resultados 1T25 (BRGAAP) - Santander Brasil,https://api.mziq.com/mzfilemanager/v2/d/a2595886-9fbb-4339-8a38-71d6ce7c7d36/118f8091-12e1-8f80-bee8-c6a1f3f1660e?origin=2,24,2026-08-14
Mar/24,Capital de Nível I,85563.0,número,Outros,Informe de Resultados 1T25 (BRGAAP) - Santander Brasil,https://api.mziq.com/mzfilemanager/v2/d/a2595886-9fbb-4339-8a38-71d6ce7c7d36/118f8091-12e1-8f80-bee8-c6a1f3f1660e?origin=2,24,2026-08-14
Dez/24,Capital de Nível I (%),12.1,%,Outros,Informe de Resultados 1T25 (BRGAAP) - Santander Brasil,https://api.mziq.com/mzfilemanager/v2/d/a2595886-9fbb-4339-8a38-71d6ce7c7d36/118f8091-12e1-8f80-bee8-c6a1f3f1660e?origin=2,24,2026-08-14
Mar/24,Capital de Nível I (%),12.1,%,Outros,Informe de Resultados 1T25 (BRGAAP) - Santander Brasil,https://api.mziq.com/mzfilemanager/v2/d/a2595886-9fbb-4339-8a38-71d6ce7c7d36/118f8091-12e1-8f80-bee8-c6a1f3f1660e?origin=2,24,2026-08-14
Dez/24,Capital de Nível II,16098.0,número,Outros,Informe de Resultados 1T25 (BRGAAP) - Santander Brasil,https://api.mziq.com/mzfilemanager/v2/d/a2595886-9fbb-4339-8a38-71d6ce7c7d36/118f8091-12e1-8f80-bee8-c6a1f3f1660e?origin=2,24,2026-08-14
Mar/24,Capital de Nível II,15488.0,número,Outros,Informe de Resultados 1T25 (BRGAAP) - Santander Brasil,https://api.mziq.com/mzfilemanager/v2/d/a2595886-9fbb-4339-8a38-71d6ce7c7d36/118f8091-12e1-8f80-bee8-c6a1f3f1660e?origin=2,24,2026-08-14
Dez/24,Capital de Nível II (%),2.2,%,Outros,Informe de Resultados 1T25 (BRGAAP) - Santander Brasil,https://api.mziq.com/mzfilemanager/v2/d/a2595886-9fbb-4339-8a38-71d6ce7c7d36/118f8091-12e1-8f80-bee8-c6a1f3f1660e?origin=2,24,2026-08-14
Mar/24,Capital de Nível II (%),2.2,%,Outros,Informe de Resultados 1T25 (BRGAAP) - Santander Brasil,https://api.mziq.com/mzfilemanager/v2/d/a2595886-9fbb-4339-8a38-71d6ce7c7d36/118f8091-12e1-8f80-bee8-c6a1f3f1660e?origin=2,24,2026-08-14
1T24,Capital de giro próprio,601.0,número,Outros,Informe de Resultados 1T25 (BRGAAP) - Santander Brasil,https://api.mziq.com/mzfilemanager/v2/d/a2595886-9fbb-4339-8a38-71d6ce7c7d36/118f8091-12e1-8f80-bee8-c6a1f3f1660e?origin=2,13,2026-08-14
4T24,Capital de giro próprio,717.0,número,Outros,Informe de Resultados 1T25 (BRGAAP) - Santander Brasil,https://api.mziq.com/mzfilemanager/v2/d/a2595886-9fbb-4339-8a38-71d6ce7c7d36/118f8091-12e1-8f80-bee8-c6a1f3f1660e?origin=2,13,2026-08-14
Dez/24,Captações Líquidas de Depósitos Compulsórios,558998.0,número,Outros,Informe de Resultados 1T25 (BRGAAP) - Santander Brasil,https://api.mziq.com/mzfilemanager/v2/d/a2595886-9fbb-4339-8a38-71d6ce7c7d36/118f8091-12e1-8f80-bee8-c6a1f3f1660e?origin=2,24,2026-08-14
Mar/24,Captações Líquidas de Depósitos Compulsórios,553701.0,número,Outros,Informe de Resultados 1T25 (BRGAAP) - Santander Brasil,https://api.mziq.com/mzfilemanager/v2/d/a2595886-9fbb-4339-8a38-71d6ce7c7d36/118f8091-12e1-8f80-bee8-c6a1f3f1660e?origin=2,24,2026-08-14
Dez/24,Captações no Exterior,131643.0,número,Outros,Informe de Resultados 1T25 (BRGAAP) - Santander Brasil,https://api.mziq.com/mzfilemanager/v2/d/a2595886-9fbb-4339-8a38-71d6ce7c7d36/118f8091-12e1-8f80-bee8-c6a1f3f1660e?origin=2,24,2026-08-14
Mar/24,Captações no Exterior,129637.0,número,Outros,Informe de Resultados 1T25 (BRGAAP) - Santander Brasil,https://api.mziq.com/mzfilemanager/v2/d/a2595886-9fbb-4339-8a38-71d6ce7c7d36/118f8091-12e1-8f80-bee8-c6a1f3f1660e?origin=2,24,2026-08-14
Dez/24,Captações no Mercado Aberto,164702.0,número,Outros,Informe de Resultados 1T25 (BRGAAP) - Santander Brasil,https://api.mziq.com/mzfilemanager/v2/d/a2595886-9fbb-4339-8a38-71d6ce7c7d36/118f8091-12e1-8f80-bee8-c6a1f3f1660e?origin=2,20,2026-08-14
Mar/24,Captações no Mercado Aberto,150478.0,número,Outros,Informe de Resultados 1T25 (BRGAAP) - Santander Brasil,https://api.mziq.com/mzfilemanager/v2/d/a2595886-9fbb-4339-8a38-71d6ce7c7d36/118f8091-12e1-8f80-bee8-c6a1f3f1660e?origin=2,20,2026-08-14
Dez/24,Capítal Complementar,7796.0,número,Outros,Informe de Resultados 1T25 (BRGAAP) - Santander Brasil,https://api.mziq.com/mzfilemanager/v2/d/a2595886-9fbb-4339-8a38-71d6ce7c7d36/118f8091-12e1-8f80-bee8-c6a1f3f1660e?origin=2,24,2026-08-14
Mar/24,Capítal Complementar,8015.0,número,Outros,Informe de Resultados 1T25 (BRGAAP) - Santander Brasil,https://api.mziq.com/mzfilemanager/v2/d/a2595886-9fbb-4339-8a38-71d6ce7c7d36/118f8091-12e1-8f80-bee8-c6a1f3f1660e?origin=2,24,2026-08-14
Dez/24,Carteira ampliada,682293.0,número,Outros,Informe de Resultados 1T25 (BRGAAP) - Santander Brasil,https://api.mziq.com/mzfilemanager/v2/d/a2595886-9fbb-4339-8a38-71d6ce7c7d36/118f8091-12e1-8f80-bee8-c6a1f3f1660e?origin=2,21,2026-08-14
Mar/24,Carteira ampliada,682693.0,número,Outros,Informe de Resultados 1T25 (BRGAAP) - Santander Brasil,https://api.mziq.com/mzfilemanager/v2/d/a2595886-9fbb-4339-8a38-71d6ce7c7d36/118f8091-12e1-8f80-bee8-c6a1f3f1660e?origin=2,21,2026-08-14
Dez/24,Cartão de crédito,58080.0,número,Outros,Informe de Resultados 1T25 (BRGAAP) - Santander Brasil,https://api.mziq.com/mzfilemanager/v2/d/a2595886-9fbb-4339-8a38-71d6ce7c7d36/118f8091-12e1-8f80-bee8-c6a1f3f1660e?origin=2,22,2026-08-14
Mar/24,Cartão de crédito,57685.0,número,Outros,Informe de Resultados 1T25 (BRGAAP) - Santander Brasil,https://api.mziq.com/mzfilemanager/v2/d/a2595886-9fbb-4339-8a38-71d6ce7c7d36/118f8091-12e1-8f80-bee8-c6a1f3f1660e?origin=2,22,2026-08-14
1T24,Cartões,1554.0,número,Outros,Informe de Resultados 1T25 (BRGAAP) - Santander Brasil,https://api.mziq.com/mzfilemanager/v2/d/a2595886-9fbb-4339-8a38-71d6ce7c7d36/118f8091-12e1-8f80-bee8-c6a1f3f1660e?origin=2,14,2026-08-14
4T24,Cartões,1420.0,número,Outros,Informe de Resultados 1T25 (BRGAAP) - Santander Brasil,https://api.mziq.com/mzfilemanager/v2/d/a2595886-9fbb-4339-8a38-71d6ce7c7d36/118f8091-12e1-8f80-bee8-c6a1f3f1660e?origin=2,14,2026-08-14
1T24,Cobrança e Arrecadações,308.0,número,Outros,Informe de Resultados 1T25 (BRGAAP) - Santander Brasil,https://api.mziq.com/mzfilemanager/v2/d/a2595886-9fbb-4339-8a38-71d6ce7c7d36/118f8091-12e1-8f80-bee8-c6a1f3f1660e?origin=2,14,2026-08-14
4T24,Cobrança e Arrecadações,277.0,número,Outros,Informe de Resultados 1T25 (BRGAAP) - Santander Brasil,https://api.mziq.com/mzfilemanager/v2/d/a2595886-9fbb-4339-8a38-71d6ce7c7d36/118f8091-12e1-8f80-bee8-c6a1f3f1660e?origin=2,14,2026-08-14
1T24,Comunicações,-68.0,número,Outros,Informe de Resultados 1T25 (BRGAAP) - Santander Brasil,https://api.mziq.com/mzfilemanager/v2/d/a2595886-9fbb-4339-8a38-71d6ce7c7d36/118f8091-12e1-8f80-bee8-c6a1f3f1660e?origin=2,19,2026-08-14
4T24,Comunicações,-63.0,número,Outros,Informe de Resultados 1T25 (BRGAAP) - Santander Brasil,https://api.mziq.com/mzfilemanager/v2/d/a2595886-9fbb-4339-8a38-71d6ce7c7d36/118f8091-12e1-8f80-bee8-c6a1f3f1660e?origin=2,19,2026-08-14
Dez/24,Comércio Exterior,92344.0,número,Outros,Informe de Resultados 1T25 (BRGAAP) - Santander Brasil,https://api.mziq.com/mzfilemanager/v2/d/a2595886-9fbb-4339-8a38-71d6ce7c7d36/118f8091-12e1-8f80-bee8-c6a1f3f1660e?origin=2,22,2026-08-14
Mar/24,Comércio Exterior,95975.0,número,Outros,Informe de Resultados 1T25 (BRGAAP) - Santander Brasil,https://api.mziq.com/mzfilemanager/v2/d/a2595886-9fbb-4339-8a38-71d6ce7c7d36/118f8091-12e1-8f80-bee8-c6a1f3f1660e?origin=2,22,2026-08-14
Dez/24,Consignado,68706.0,número,Outros,Informe de Resultados 1T25 (BRGAAP) - Santander Brasil,https://api.mziq.com/mzfilemanager/v2/d/a2595886-9fbb-4339-8a38-71d6ce7c7d36/118f8091-12e1-8f80-bee8-c6a1f3f1660e?origin=2,22,2026-08-14
Mar/24,Consignado,71124.0,número,Outros,Informe de Resultados 1T25 (BRGAAP) - Santander Brasil,https://api.mziq.com/mzfilemanager/v2/d/a2595886-9fbb-4339-8a38-71d6ce7c7d36/118f8091-12e1-8f80-bee8-c6a1f3f1660e?origin=2,22,2026-08-14
1T24,Consórcios,254.0,número,Outros,Informe de Resultados 1T25 (BRGAAP) - Santander Brasil,https://api.mziq.com/mzfilemanager/v2/d/a2595886-9fbb-4339-8a38-71d6ce7c7d36/118f8091-12e1-8f80-bee8-c6a1f3f1660e?origin=2,14,2026-08-14
4T24,Consórcios,264.0,número,Outros,Informe de Resultados 1T25 (BRGAAP) - Santander Brasil,https://api.mziq.com/mzfilemanager/v2/d/a2595886-9fbb-4339-8a38-71d6ce7c7d36/118f8091-12e1-8f80-bee8-c6a1f3f1660e?origin=2,14,2026-08-14
1T24,Conta Corrente,933.0,número,Outros,Informe de Resultados 1T25 (BRGAAP) - Santander Brasil,https://api.mziq.com/mzfilemanager/v2/d/a2595886-9fbb-4339-8a38-71d6ce7c7d36/118f8091-12e1-8f80-bee8-c6a1f3f1660e?origin=2,14,2026-08-14
4T24,Conta Corrente,900.0,número,Outros,Informe de Resultados 1T25 (BRGAAP) - Santander Brasil,https://api.mziq.com/mzfilemanager/v2/d/a2595886-9fbb-4339-8a38-71d6ce7c7d36/118f8091-12e1-8f80-bee8-c6a1f3f1660e?origin=2,14,2026-08-14
1T24,Corretagem e Colocação de Títulos,421.0,número,Outros,Informe de Resultados 1T25 (BRGAAP) - Santander Brasil,https://api.mziq.com/mzfilemanager/v2/d/a2595886-9fbb-4339-8a38-71d6ce7c7d36/118f8091-12e1-8f80-bee8-c6a1f3f1660e?origin=2,14,2026-08-14
4T24,Corretagem e Colocação de Títulos,398.0,número,Outros,Informe de Resultados 1T25 (BRGAAP) - Santander Brasil,https://api.mziq.com/mzfilemanager/v2/d/a2595886-9fbb-4339-8a38-71d6ce7c7d36/118f8091-12e1-8f80-bee8-c6a1f3f1660e?origin=2,14,2026-08-14
Dez/24,Crédito Imobiliário,68094.0,número,Outros,Informe de Resultados 1T25 (BRGAAP) - Santander Brasil,https://api.mziq.com/mzfilemanager/v2/d/a2595886-9fbb-4339-8a38-71d6ce7c7d36/118f8091-12e1-8f80-bee8-c6a1f3f1660e?origin=2,22,2026-08-14
Mar/24,Crédito Imobiliário,67346.0,número,Outros,Informe de Resultados 1T25 (BRGAAP) - Santander Brasil,https://api.mziq.com/mzfilemanager/v2/d/a2595886-9fbb-4339-8a38-71d6ce7c7d36/118f8091-12e1-8f80-bee8-c6a1f3f1660e?origin=2,22,2026-08-14
Dez/24,Crédito Pessoal/Outros,38549.0,número,Outros,Informe de Resultados 1T25 (BRGAAP) - Santander Brasil,https://api.mziq.com/mzfilemanager/v2/d/a2595886-9fbb-4339-8a38-71d6ce7c7d36/118f8091-12e1-8f80-bee8-c6a1f3f1660e?origin=2,22,2026-08-14
Mar/24,Crédito Pessoal/Outros,38714.0,número,Outros,Informe de Resultados 1T25 (BRGAAP) - Santander Brasil,https://api.mziq.com/mzfilemanager/v2/d/a2595886-9fbb-4339-8a38-71d6ce7c7d36/118f8091-12e1-8f80-bee8-c6a1f3f1660e?origin=2,22,2026-08-14
Dez/24,Crédito Rural,10399.0,número,Outros,Informe de Resultados 1T25 (BRGAAP) - Santander Brasil,https://api.mziq.com/mzfilemanager/v2/d/a2595886-9fbb-4339-8a38-71d6ce7c7d36/118f8091-12e1-8f80-bee8-c6a1f3f1660e?origin=2,22,2026-08-14
Mar/24,Crédito Rural,10666.0,número,Outros,Informe de Resultados 1T25 (BRGAAP) - Santander Brasil,https://api.mziq.com/mzfilemanager/v2/d/a2595886-9fbb-4339-8a38-71d6ce7c7d36/118f8091-12e1-8f80-bee8-c6a1f3f1660e?origin=2,22,2026-08-14
1T24,Depreciações e Amortizações1,-830.0,número,Outros,Informe de Resultados 1T25 (BRGAAP) - Santander Brasil,https://api.mziq.com/mzfilemanager/v2/d/a2595886-9fbb-4339-8a38-71d6ce7c7d36/118f8091-12e1-8f80-bee8-c6a1f3f1660e?origin=2,19,2026-08-14
4T24,Depreciações e Amortizações1,-814.0,número,Outros,Informe de Resultados 1T25 (BRGAAP) - Santander Brasil,https://api.mziq.com/mzfilemanager/v2/d/a2595886-9fbb-4339-8a38-71d6ce7c7d36/118f8091-12e1-8f80-bee8-c6a1f3f1660e?origin=2,19,2026-08-14
Dez/24,Depósitos a prazo,381500.0,número,Outros,Informe de Resultados 1T25 (BRGAAP) - Santander Brasil,https://api.mziq.com/mzfilemanager/v2/d/a2595886-9fbb-4339-8a38-71d6ce7c7d36/118f8091-12e1-8f80-bee8-c6a1f3f1660e?origin=2,24,2026-08-14
Mar/24,Depósitos a prazo,390230.0,número,Outros,Informe de Resultados 1T25 (BRGAAP) - Santander Brasil,https://api.mziq.com/mzfilemanager/v2/d/a2595886-9fbb-4339-8a38-71d6ce7c7d36/118f8091-12e1-8f80-bee8-c6a1f3f1660e?origin=2,24,2026-08-14
Dez/24,Depósitos à vista,50436.0,número,Outros,Informe de Resultados 1T25 (BRGAAP) - Santander Brasil,https://api.mziq.com/mzfilemanager/v2/d/a2595886-9fbb-4339-8a38-71d6ce7c7d36/118f8091-12e1-8f80-bee8-c6a1f3f1660e?origin=2,24,2026-08-14
Mar/24,Depósitos à vista,41355.0,número,Outros,Informe de Resultados 1T25 (BRGAAP) - Santander Brasil,https://api.mziq.com/mzfilemanager/v2/d/a2595886-9fbb-4339-8a38-71d6ce7c7d36/118f8091-12e1-8f80-bee8-c6a1f3f1660e?origin=2,24,2026-08-14
Dez/24,Disponibilidades,14117.0,número,Outros,Informe de Resultados 1T25 (BRGAAP) - Santander Brasil,https://api.mziq.com/mzfilemanager/v2/d/a2595886-9fbb-4339-8a38-71d6ce7c7d36/118f8091-12e1-8f80-bee8-c6a1f3f1660e?origin=2,20,2026-08-14
Mar/24,Disponibilidades,17505.0,número,Outros,Informe de Resultados 1T25 (BRGAAP) - Santander Brasil,https://api.mziq.com/mzfilemanager/v2/d/a2595886-9fbb-4339-8a38-71d6ce7c7d36/118f8091-12e1-8f80-bee8-c6a1f3f1660e?origin=2,20,2026-08-14
Dez/24,Dívida subordinada,23659.0,número,Outros,Informe de Resultados 1T25 (BRGAAP) - Santander Brasil,https://api.mziq.com/mzfilemanager/v2/d/a2595886-9fbb-4339-8a38-71d6ce7c7d36/118f8091-12e1-8f80-bee8-c6a1f3f1660e?origin=2,24,2026-08-14
Mar/24,Dívida subordinada,23342.0,número,Outros,Informe de Resultados 1T25 (BRGAAP) - Santander Brasil,https://api.mziq.com/mzfilemanager/v2/d/a2595886-9fbb-4339-8a38-71d6ce7c7d36/118f8091-12e1-8f80-bee8-c6a1f3f1660e?origin=2,24,2026-08-14
1T24,Encargos,-536.0,número,Outros,Informe de Resultados 1T25 (BRGAAP) - Santander Brasil,https://api.mziq.com/mzfilemanager/v2/d/a2595886-9fbb-4339-8a38-71d6ce7c7d36/118f8091-12e1-8f80-bee8-c6a1f3f1660e?origin=2,19,2026-08-14
4T24,Encargos,-602.0,número,Outros,Informe de Resultados 1T25 (BRGAAP) - Santander Brasil,https://api.mziq.com/mzfilemanager/v2/d/a2595886-9fbb-4339-8a38-71d6ce7c7d36/118f8091-12e1-8f80-bee8-c6a1f3f1660e?origin=2,19,2026-08-14
Dez/24,Financiamento ao consumo,83547.0,número,Outros,Informe de Resultados 1T25 (BRGAAP) - Santander Brasil,https://api.mziq.com/mzfilemanager/v2/d/a2595886-9fbb-4339-8a38-71d6ce7c7d36/118f8091-12e1-8f80-bee8-c6a1f3f1660e?origin=2,21,2026-08-14
Mar/24,Financiamento ao consumo,83029.0,número,Outros,Informe de Resultados 1T25 (BRGAAP) - Santander Brasil,https://api.mziq.com/mzfilemanager/v2/d/a2595886-9fbb-4339-8a38-71d6ce7c7d36/118f8091-12e1-8f80-bee8-c6a1f3f1660e?origin=2,21,2026-08-14
1T24,Fundos e previdência,120.0,número,Outros,Informe de Resultados 1T25 (BRGAAP) - Santander Brasil,https://api.mziq.com/mzfilemanager/v2/d/a2595886-9fbb-4339-8a38-71d6ce7c7d36/118f8091-12e1-8f80-bee8-c6a1f3f1660e?origin=2,14,2026-08-14
4T24,Fundos e previdência,150.0,número,Outros,Informe de Resultados 1T25 (BRGAAP) - Santander Brasil,https://api.mziq.com/mzfilemanager/v2/d/a2595886-9fbb-4339-8a38-71d6ce7c7d36/118f8091-12e1-8f80-bee8-c6a1f3f1660e?origin=2,14,2026-08-14
Dez/24,Fundos3,439745.0,número,Outros,Informe de Resultados 1T25 (BRGAAP) - Santander Brasil,https://api.mziq.com/mzfilemanager/v2/d/a2595886-9fbb-4339-8a38-71d6ce7c7d36/118f8091-12e1-8f80-bee8-c6a1f3f1660e?origin=2,24,2026-08-14
Mar/24,Fundos3,429432.0,número,Outros,Informe de Resultados 1T25 (BRGAAP) - Santander Brasil,https://api.mziq.com/mzfilemanager/v2/d/a2595886-9fbb-4339-8a38-71d6ce7c7d36/118f8091-12e1-8f80-bee8-c6a1f3f1660e?origin=2,24,2026-08-14
Dez/24,Grandes Empresas,132331.0,número,Outros,Informe de Resultados 1T25 (BRGAAP) - Santander Brasil,https://api.mziq.com/mzfilemanager/v2/d/a2595886-9fbb-4339-8a38-71d6ce7c7d36/118f8091-12e1-8f80-bee8-c6a1f3f1660e?origin=2,21,2026-08-14
Mar/24,Grandes Empresas,135358.0,número,Outros,Informe de Resultados 1T25 (BRGAAP) - Santander Brasil,https://api.mziq.com/mzfilemanager/v2/d/a2595886-9fbb-4339-8a38-71d6ce7c7d36/118f8091-12e1-8f80-bee8-c6a1f3f1660e?origin=2,21,2026-08-14
Dez/24,Imobilizado de Uso,4764.0,número,Outros,Informe de Resultados 1T25 (BRGAAP) - Santander Brasil,https://api.mziq.com/mzfilemanager/v2/d/a2595886-9fbb-4339-8a38-71d6ce7c7d36/118f8091-12e1-8f80-bee8-c6a1f3f1660e?origin=2,20,2026-08-14
Mar/24,Imobilizado de Uso,4943.0,número,Outros,Informe de Resultados 1T25 (BRGAAP) - Santander Brasil,https://api.mziq.com/mzfilemanager/v2/d/a2595886-9fbb-4339-8a38-71d6ce7c7d36/118f8091-12e1-8f80-bee8-c6a1f3f1660e?origin=2,20,2026-08-14
1T24,Imposto de renda e contribuição social,-1177.0,número,Outros,Informe de Resultados 1T25 (BRGAAP) - Santander Brasil,https://api.mziq.com/mzfilemanager/v2/d/a2595886-9fbb-4339-8a38-71d6ce7c7d36/118f8091-12e1-8f80-bee8-c6a1f3f1660e?origin=2,12,2026-08-14
4T24,Imposto de renda e contribuição social,-823.0,número,Outros,Informe de Resultados 1T25 (BRGAAP) - Santander Brasil,https://api.mziq.com/mzfilemanager/v2/d/a2595886-9fbb-4339-8a38-71d6ce7c7d36/118f8091-12e1-8f80-bee8-c6a1f3f1660e?origin=2,12,2026-08-14
Dez/24,Instrumentos Financeiros Derivativos,29066.0,número,Outros,Informe de Resultados 1T25 (BRGAAP) - Santander Brasil,https://api.mziq.com/mzfilemanager/v2/d/a2595886-9fbb-4339-8a38-71d6ce7c7d36/118f8091-12e1-8f80-bee8-c6a1f3f1660e?origin=2,20,2026-08-14
Mar/24,Instrumentos Financeiros Derivativos,34948.0,número,Outros,Informe de Resultados 1T25 (BRGAAP) - Santander Brasil,https://api.mziq.com/mzfilemanager/v2/d/a2595886-9fbb-4339-8a38-71d6ce7c7d36/118f8091-12e1-8f80-bee8-c6a1f3f1660e?origin=2,20,2026-08-14
Dez/24,Intangível,7806.0,número,Outros,Informe de Resultados 1T25 (BRGAAP) - Santander Brasil,https://api.mziq.com/mzfilemanager/v2/d/a2595886-9fbb-4339-8a38-71d6ce7c7d36/118f8091-12e1-8f80-bee8-c6a1f3f1660e?origin=2,20,2026-08-14
Mar/24,Intangível,8122.0,número,Outros,Informe de Resultados 1T25 (BRGAAP) - Santander Brasil,https://api.mziq.com/mzfilemanager/v2/d/a2595886-9fbb-4339-8a38-71d6ce7c7d36/118f8091-12e1-8f80-bee8-c6a1f3f1660e?origin=2,20,2026-08-14
Dez/24,Investimentos,2890.0,número,Outros,Informe de Resultados 1T25 (BRGAAP) - Santander Brasil,https://api.mziq.com/mzfilemanager/v2/d/a2595886-9fbb-4339-8a38-71d6ce7c7d36/118f8091-12e1-8f80-bee8-c6a1f3f1660e?origin=2,20,2026-08-14
Mar/24,Investimentos,2877.0,número,Outros,Informe de Resultados 1T25 (BRGAAP) - Santander Brasil,https://api.mziq.com/mzfilemanager/v2/d/a2595886-9fbb-4339-8a38-71d6ce7c7d36/118f8091-12e1-8f80-bee8-c6a1f3f1660e?origin=2,20,2026-08-14
Dez/24,LCI e LCA,78340.0,número,Outros,Informe de Resultados 1T25 (BRGAAP) - Santander Brasil,https://api.mziq.com/mzfilemanager/v2/d/a2595886-9fbb-4339-8a38-71d6ce7c7d36/118f8091-12e1-8f80-bee8-c6a1f3f1660e?origin=2,24,2026-08-14
Mar/24,LCI e LCA,78246.0,número,Outros,Informe de Resultados 1T25 (BRGAAP) - Santander Brasil,https://api.mziq.com/mzfilemanager/v2/d/a2595886-9fbb-4339-8a38-71d6ce7c7d36/118f8091-12e1-8f80-bee8-c6a1f3f1660e?origin=2,24,2026-08-14
Dez/24,LF e outros2,73887.0,número,Outros,Informe de Resultados 1T25 (BRGAAP) - Santander Brasil,https://api.mziq.com/mzfilemanager/v2/d/a2595886-9fbb-4339-8a38-71d6ce7c7d36/118f8091-12e1-8f80-bee8-c6a1f3f1660e?origin=2,24,2026-08-14
Mar/24,LF e outros2,64555.0,número,Outros,Informe de Resultados 1T25 (BRGAAP) - Santander Brasil,https://api.mziq.com/mzfilemanager/v2/d/a2595886-9fbb-4339-8a38-71d6ce7c7d36/118f8091-12e1-8f80-bee8-c6a1f3f1660e?origin=2,24,2026-08-14
Dez/24,Leasing / Veículos,8576.0,número,Outros,Informe de Resultados 1T25 (BRGAAP) - Santander Brasil,https://api.mziq.com/mzfilemanager/v2/d/a2595886-9fbb-4339-8a38-71d6ce7c7d36/118f8091-12e1-8f80-bee8-c6a1f3f1660e?origin=2,22,2026-08-14
Mar/24,Leasing / Veículos,9098.0,número,Outros,Informe de Resultados 1T25 (BRGAAP) - Santander Brasil,https://api.mziq.com/mzfilemanager/v2/d/a2595886-9fbb-4339-8a38-71d6ce7c7d36/118f8091-12e1-8f80-bee8-c6a1f3f1660e?origin=2,22,2026-08-14
1T24,Manutenção e conservação de bens,-77.0,número,Outros,Informe de Resultados 1T25 (BRGAAP) - Santander Brasil,https://api.mziq.com/mzfilemanager/v2/d/a2595886-9fbb-4339-8a38-71d6ce7c7d36/118f8091-12e1-8f80-bee8-c6a1f3f1660e?origin=2,19,2026-08-14
4T24,Manutenção e conservação de bens,-62.0,número,Outros,Informe de Resultados 1T25 (BRGAAP) - Santander Brasil,https://api.mziq.com/mzfilemanager/v2/d/a2595886-9fbb-4339-8a38-71d6ce7c7d36/118f8091-12e1-8f80-bee8-c6a1f3f1660e?origin=2,19,2026-08-14
1T24,Margem de produtos,15179.0,número,Outros,Informe de Resultados 1T25 (BRGAAP) - Santander Brasil,https://api.mziq.com/mzfilemanager/v2/d/a2595886-9fbb-4339-8a38-71d6ce7c7d36/118f8091-12e1-8f80-bee8-c6a1f3f1660e?origin=2,13,2026-08-14
4T24,Margem de produtos,15108.0,número,Outros,Informe de Resultados 1T25 (BRGAAP) - Santander Brasil,https://api.mziq.com/mzfilemanager/v2/d/a2595886-9fbb-4339-8a38-71d6ce7c7d36/118f8091-12e1-8f80-bee8-c6a1f3f1660e?origin=2,13,2026-08-14
1T24,Material,-32.0,número,Outros,Informe de Resultados 1T25 (BRGAAP) - Santander Brasil,https://api.mziq.com/mzfilemanager/v2/d/a2595886-9fbb-4339-8a38-71d6ce7c7d36/118f8091-12e1-8f80-bee8-c6a1f3f1660e?origin=2,19,2026-08-14
4T24,Material,-27.0,número,Outros,Informe de Resultados 1T25 (BRGAAP) - Santander Brasil,https://api.mziq.com/mzfilemanager/v2/d/a2595886-9fbb-4339-8a38-71d6ce7c7d36/118f8091-12e1-8f80-bee8-c6a1f3f1660e?origin=2,19,2026-08-14
Dez/24,Obrigações por Empréstimos,115360.0,número,Outros,Informe de Resultados 1T25 (BRGAAP) - Santander Brasil,https://api.mziq.com/mzfilemanager/v2/d/a2595886-9fbb-4339-8a38-71d6ce7c7d36/118f8091-12e1-8f80-bee8-c6a1f3f1660e?origin=2,20,2026-08-14
Mar/24,Obrigações por Empréstimos,109791.0,número,Outros,Informe de Resultados 1T25 (BRGAAP) - Santander Brasil,https://api.mziq.com/mzfilemanager/v2/d/a2595886-9fbb-4339-8a38-71d6ce7c7d36/118f8091-12e1-8f80-bee8-c6a1f3f1660e?origin=2,20,2026-08-14
Dez/24,Obrigações por Repasses do País - Instituições Oficiais,8879.0,número,Outros,Informe de Resultados 1T25 (BRGAAP) - Santander Brasil,https://api.mziq.com/mzfilemanager/v2/d/a2595886-9fbb-4339-8a38-71d6ce7c7d36/118f8091-12e1-8f80-bee8-c6a1f3f1660e?origin=2,20,2026-08-14
Mar/24,Obrigações por Repasses do País - Instituições Oficiais,8936.0,número,Outros,Informe de Resultados 1T25 (BRGAAP) - Santander Brasil,https://api.mziq.com/mzfilemanager/v2/d/a2595886-9fbb-4339-8a38-71d6ce7c7d36/118f8091-12e1-8f80-bee8-c6a1f3f1660e?origin=2,20,2026-08-14
Dez/24,Obrigações por Repasses/Empréstimos - país,8910.0,número,Outros,Informe de Resultados 1T25 (BRGAAP) - Santander Brasil,https://api.mziq.com/mzfilemanager/v2/d/a2595886-9fbb-4339-8a38-71d6ce7c7d36/118f8091-12e1-8f80-bee8-c6a1f3f1660e?origin=2,24,2026-08-14
Mar/24,Obrigações por Repasses/Empréstimos - país,8941.0,número,Outros,Informe de Resultados 1T25 (BRGAAP) - Santander Brasil,https://api.mziq.com/mzfilemanager/v2/d/a2595886-9fbb-4339-8a38-71d6ce7c7d36/118f8091-12e1-8f80-bee8-c6a1f3f1660e?origin=2,24,2026-08-14
1T24,Outras,245.0,número,Outros,Informe de Resultados 1T25 (BRGAAP) - Santander Brasil,https://api.mziq.com/mzfilemanager/v2/d/a2595886-9fbb-4339-8a38-71d6ce7c7d36/118f8091-12e1-8f80-bee8-c6a1f3f1660e?origin=2,14,2026-08-14
4T24,Outras,246.0,número,Outros,Informe de Resultados 1T25 (BRGAAP) - Santander Brasil,https://api.mziq.com/mzfilemanager/v2/d/a2595886-9fbb-4339-8a38-71d6ce7c7d36/118f8091-12e1-8f80-bee8-c6a1f3f1660e?origin=2,14,2026-08-14
Dez/24,Outras Obrigações,152796.0,número,Outros,Informe de Resultados 1T25 (BRGAAP) - Santander Brasil,https://api.mziq.com/mzfilemanager/v2/d/a2595886-9fbb-4339-8a38-71d6ce7c7d36/118f8091-12e1-8f80-bee8-c6a1f3f1660e?origin=2,20,2026-08-14
Mar/24,Outras Obrigações,274876.0,número,Outros,Informe de Resultados 1T25 (BRGAAP) - Santander Brasil,https://api.mziq.com/mzfilemanager/v2/d/a2595886-9fbb-4339-8a38-71d6ce7c7d36/118f8091-12e1-8f80-bee8-c6a1f3f1660e?origin=2,20,2026-08-14
1T24,Outras Receitas e Despesas Operacionais,-2271.0,número,Outros,Informe de Resultados 1T25 (BRGAAP) - Santander Brasil,https://api.mziq.com/mzfilemanager/v2/d/a2595886-9fbb-4339-8a38-71d6ce7c7d36/118f8091-12e1-8f80-bee8-c6a1f3f1660e?origin=2,20,2026-08-14
4T24,Outras Receitas e Despesas Operacionais,-2126.0,número,Outros,Informe de Resultados 1T25 (BRGAAP) - Santander Brasil,https://api.mziq.com/mzfilemanager/v2/d/a2595886-9fbb-4339-8a38-71d6ce7c7d36/118f8091-12e1-8f80-bee8-c6a1f3f1660e?origin=2,20,2026-08-14
1T24,Outras Receitas/Despesas Operacionais,-2271.0,número,Outros,Informe de Resultados 1T25 (BRGAAP) - Santander Brasil,https://api.mziq.com/mzfilemanager/v2/d/a2595886-9fbb-4339-8a38-71d6ce7c7d36/118f8091-12e1-8f80-bee8-c6a1f3f1660e?origin=2,12,2026-08-14
4T24,Outras Receitas/Despesas Operacionais,-2126.0,número,Outros,Informe de Resultados 1T25 (BRGAAP) - Santander Brasil,https://api.mziq.com/mzfilemanager/v2/d/a2595886-9fbb-4339-8a38-71d6ce7c7d36/118f8091-12e1-8f80-bee8-c6a1f3f1660e?origin=2,12,2026-08-14
Dez/24,Outros Créditos,203860.0,número,Outros,Informe de Resultados 1T25 (BRGAAP) - Santander Brasil,https://api.mziq.com/mzfilemanager/v2/d/a2595886-9fbb-4339-8a38-71d6ce7c7d36/118f8091-12e1-8f80-bee8-c6a1f3f1660e?origin=2,20,2026-08-14
Mar/24,Outros Créditos,323160.0,número,Outros,Informe de Resultados 1T25 (BRGAAP) - Santander Brasil,https://api.mziq.com/mzfilemanager/v2/d/a2595886-9fbb-4339-8a38-71d6ce7c7d36/118f8091-12e1-8f80-bee8-c6a1f3f1660e?origin=2,20,2026-08-14
Dez/24,Outros Valores e Bens,3145.0,número,Outros,Informe de Resultados 1T25 (BRGAAP) - Santander Brasil,https://api.mziq.com/mzfilemanager/v2/d/a2595886-9fbb-4339-8a38-71d6ce7c7d36/118f8091-12e1-8f80-bee8-c6a1f3f1660e?origin=2,20,2026-08-14
Mar/24,Outros Valores e Bens,2398.0,número,Outros,Informe de Resultados 1T25 (BRGAAP) - Santander Brasil,https://api.mziq.com/mzfilemanager/v2/d/a2595886-9fbb-4339-8a38-71d6ce7c7d36/118f8091-12e1-8f80-bee8-c6a1f3f1660e?origin=2,20,2026-08-14
Dez/24,Participação dos Acionistas Minoritários,1958.0,número,Outros,Informe de Resultados 1T25 (BRGAAP) - Santander Brasil,https://api.mziq.com/mzfilemanager/v2/d/a2595886-9fbb-4339-8a38-71d6ce7c7d36/118f8091-12e1-8f80-bee8-c6a1f3f1660e?origin=2,20,2026-08-14
Mar/24,Participação dos Acionistas Minoritários,1250.0,número,Outros,Informe de Resultados 1T25 (BRGAAP) - Santander Brasil,https://api.mziq.com/mzfilemanager/v2/d/a2595886-9fbb-4339-8a38-71d6ce7c7d36/118f8091-12e1-8f80-bee8-c6a1f3f1660e?origin=2,20,2026-08-14
1T24,Participações de acionistas minoritários,-73.0,número,Outros,Informe de Resultados 1T25 (BRGAAP) - Santander Brasil,https://api.mziq.com/mzfilemanager/v2/d/a2595886-9fbb-4339-8a38-71d6ce7c7d36/118f8091-12e1-8f80-bee8-c6a1f3f1660e?origin=2,12,2026-08-14
4T24,Participações de acionistas minoritários,-64.0,número,Outros,Informe de Resultados 1T25 (BRGAAP) - Santander Brasil,https://api.mziq.com/mzfilemanager/v2/d/a2595886-9fbb-4339-8a38-71d6ce7c7d36/118f8091-12e1-8f80-bee8-c6a1f3f1660e?origin=2,12,2026-08-14
Dez/24,Passivo Circulante e Exigível a Longo Prazo,1142138.0,número,Outros,Informe de Resultados 1T25 (BRGAAP) - Santander Brasil,https://api.mziq.com/mzfilemanager/v2/d/a2595886-9fbb-4339-8a38-71d6ce7c7d36/118f8091-12e1-8f80-bee8-c6a1f3f1660e?origin=2,20,2026-08-14
Mar/24,Passivo Circulante e Exigível a Longo Prazo,1243244.0,número,Outros,Informe de Resultados 1T25 (BRGAAP) - Santander Brasil,https://api.mziq.com/mzfilemanager/v2/d/a2595886-9fbb-4339-8a38-71d6ce7c7d36/118f8091-12e1-8f80-bee8-c6a1f3f1660e?origin=2,20,2026-08-14
Dez/24,Patrimônio de Referência,104100.0,número,Outros,Informe de Resultados 1T25 (BRGAAP) - Santander Brasil,https://api.mziq.com/mzfilemanager/v2/d/a2595886-9fbb-4339-8a38-71d6ce7c7d36/118f8091-12e1-8f80-bee8-c6a1f3f1660e?origin=2,24,2026-08-14
Mar/24,Patrimônio de Referência,101051.0,número,Outros,Informe de Resultados 1T25 (BRGAAP) - Santander Brasil,https://api.mziq.com/mzfilemanager/v2/d/a2595886-9fbb-4339-8a38-71d6ce7c7d36/118f8091-12e1-8f80-bee8-c6a1f3f1660e?origin=2,24,2026-08-14
Dez/24,Pequenas e Médias Empresas,77984.0,número,Outros,Informe de Resultados 1T25 (BRGAAP) - Santander Brasil,https://api.mziq.com/mzfilemanager/v2/d/a2595886-9fbb-4339-8a38-71d6ce7c7d36/118f8091-12e1-8f80-bee8-c6a1f3f1660e?origin=2,21,2026-08-14
Mar/24,Pequenas e Médias Empresas,76636.0,número,Outros,Informe de Resultados 1T25 (BRGAAP) - Santander Brasil,https://api.mziq.com/mzfilemanager/v2/d/a2595886-9fbb-4339-8a38-71d6ce7c7d36/118f8091-12e1-8f80-bee8-c6a1f3f1660e?origin=2,21,2026-08-14
Dez/24,Permanente,15459.0,número,Outros,Informe de Resultados 1T25 (BRGAAP) - Santander Brasil,https://api.mziq.com/mzfilemanager/v2/d/a2595886-9fbb-4339-8a38-71d6ce7c7d36/118f8091-12e1-8f80-bee8-c6a1f3f1660e?origin=2,20,2026-08-14
Mar/24,Permanente,15941.0,número,Outros,Informe de Resultados 1T25 (BRGAAP) - Santander Brasil,https://api.mziq.com/mzfilemanager/v2/d/a2595886-9fbb-4339-8a38-71d6ce7c7d36/118f8091-12e1-8f80-bee8-c6a1f3f1660e?origin=2,20,2026-08-14
Dez/24,Pessoa Física,252404.0,número,Outros,Informe de Resultados 1T25 (BRGAAP) - Santander Brasil,https://api.mziq.com/mzfilemanager/v2/d/a2595886-9fbb-4339-8a38-71d6ce7c7d36/118f8091-12e1-8f80-bee8-c6a1f3f1660e?origin=2,21,2026-08-14
Mar/24,Pessoa Física,254633.0,número,Outros,Informe de Resultados 1T25 (BRGAAP) - Santander Brasil,https://api.mziq.com/mzfilemanager/v2/d/a2595886-9fbb-4339-8a38-71d6ce7c7d36/118f8091-12e1-8f80-bee8-c6a1f3f1660e?origin=2,21,2026-08-14
Dez/24,Pessoa física,70755.0,número,Outros,Informe de Resultados 1T25 (BRGAAP) - Santander Brasil,https://api.mziq.com/mzfilemanager/v2/d/a2595886-9fbb-4339-8a38-71d6ce7c7d36/118f8091-12e1-8f80-bee8-c6a1f3f1660e?origin=2,22,2026-08-14
Mar/24,Pessoa física,70910.0,número,Outros,Informe de Resultados 1T25 (BRGAAP) - Santander Brasil,https://api.mziq.com/mzfilemanager/v2/d/a2595886-9fbb-4339-8a38-71d6ce7c7d36/118f8091-12e1-8f80-bee8-c6a1f3f1660e?origin=2,22,2026-08-14
Dez/24,Pessoa física1,252404.0,número,Outros,Informe de Resultados 1T25 (BRGAAP) - Santander Brasil,https://api.mziq.com/mzfilemanager/v2/d/a2595886-9fbb-4339-8a38-71d6ce7c7d36/118f8091-12e1-8f80-bee8-c6a1f3f1660e?origin=2,22,2026-08-14
Mar/24,Pessoa física1,254633.0,número,Outros,Informe de Resultados 1T25 (BRGAAP) - Santander Brasil,https://api.mziq.com/mzfilemanager/v2/d/a2595886-9fbb-4339-8a38-71d6ce7c7d36/118f8091-12e1-8f80-bee8-c6a1f3f1660e?origin=2,22,2026-08-14
Dez/24,Pessoa jurídica,12792.0,número,Outros,Informe de Resultados 1T25 (BRGAAP) - Santander Brasil,https://api.mziq.com/mzfilemanager/v2/d/a2595886-9fbb-4339-8a38-71d6ce7c7d36/118f8091-12e1-8f80-bee8-c6a1f3f1660e?origin=2,22,2026-08-14
Mar/24,Pessoa jurídica,12120.0,número,Outros,Informe de Resultados 1T25 (BRGAAP) - Santander Brasil,https://api.mziq.com/mzfilemanager/v2/d/a2595886-9fbb-4339-8a38-71d6ce7c7d36/118f8091-12e1-8f80-bee8-c6a1f3f1660e?origin=2,22,2026-08-14
Dez/24,Pessoa jurídica1,210315.0,número,Outros,Informe de Resultados 1T25 (BRGAAP) - Santander Brasil,https://api.mziq.com/mzfilemanager/v2/d/a2595886-9fbb-4339-8a38-71d6ce7c7d36/118f8091-12e1-8f80-bee8-c6a1f3f1660e?origin=2,22,2026-08-14
Mar/24,Pessoa jurídica1,211994.0,número,Outros,Informe de Resultados 1T25 (BRGAAP) - Santander Brasil,https://api.mziq.com/mzfilemanager/v2/d/a2595886-9fbb-4339-8a38-71d6ce7c7d36/118f8091-12e1-8f80-bee8-c6a1f3f1660e?origin=2,22,2026-08-14
Dez/24,Poupança,54786.0,número,Outros,Informe de Resultados 1T25 (BRGAAP) - Santander Brasil,https://api.mziq.com/mzfilemanager/v2/d/a2595886-9fbb-4339-8a38-71d6ce7c7d36/118f8091-12e1-8f80-bee8-c6a1f3f1660e?origin=2,24,2026-08-14
Mar/24,Poupança,57453.0,número,Outros,Informe de Resultados 1T25 (BRGAAP) - Santander Brasil,https://api.mziq.com/mzfilemanager/v2/d/a2595886-9fbb-4339-8a38-71d6ce7c7d36/118f8091-12e1-8f80-bee8-c6a1f3f1660e?origin=2,24,2026-08-14
1T24,Processamento de dados,-758.0,número,Outros,Informe de Resultados 1T25 (BRGAAP) - Santander Brasil,https://api.mziq.com/mzfilemanager/v2/d/a2595886-9fbb-4339-8a38-71d6ce7c7d36/118f8091-12e1-8f80-bee8-c6a1f3f1660e?origin=2,19,2026-08-14
4T24,Processamento de dados,-785.0,número,Outros,Informe de Resultados 1T25 (BRGAAP) - Santander Brasil,https://api.mziq.com/mzfilemanager/v2/d/a2595886-9fbb-4339-8a38-71d6ce7c7d36/118f8091-12e1-8f80-bee8-c6a1f3f1660e?origin=2,19,2026-08-14
Dez/24,Produtos de Compromissada1,12536.0,número,Outros,Informe de Resultados 1T25 (BRGAAP) - Santander Brasil,https://api.mziq.com/mzfilemanager/v2/d/a2595886-9fbb-4339-8a38-71d6ce7c7d36/118f8091-12e1-8f80-bee8-c6a1f3f1660e?origin=2,24,2026-08-14
Mar/24,Produtos de Compromissada1,13689.0,número,Outros,Informe de Resultados 1T25 (BRGAAP) - Santander Brasil,https://api.mziq.com/mzfilemanager/v2/d/a2595886-9fbb-4339-8a38-71d6ce7c7d36/118f8091-12e1-8f80-bee8-c6a1f3f1660e?origin=2,24,2026-08-14
1T24,"Propaganda, promoções e publicidade",-217.0,número,Outros,Informe de Resultados 1T25 (BRGAAP) - Santander Brasil,https://api.mziq.com/mzfilemanager/v2/d/a2595886-9fbb-4339-8a38-71d6ce7c7d36/118f8091-12e1-8f80-bee8-c6a1f3f1660e?origin=2,19,2026-08-14
4T24,"Propaganda, promoções e publicidade",-164.0,número,Outros,Informe de Resultados 1T25 (BRGAAP) - Santander Brasil,https://api.mziq.com/mzfilemanager/v2/d/a2595886-9fbb-4339-8a38-71d6ce7c7d36/118f8091-12e1-8f80-bee8-c6a1f3f1660e?origin=2,19,2026-08-14
1T24,Provisões para contingências,-924.0,número,Outros,Informe de Resultados 1T25 (BRGAAP) - Santander Brasil,https://api.mziq.com/mzfilemanager/v2/d/a2595886-9fbb-4339-8a38-71d6ce7c7d36/118f8091-12e1-8f80-bee8-c6a1f3f1660e?origin=2,20,2026-08-14
4T24,Provisões para contingências,-928.0,número,Outros,Informe de Resultados 1T25 (BRGAAP) - Santander Brasil,https://api.mziq.com/mzfilemanager/v2/d/a2595886-9fbb-4339-8a38-71d6ce7c7d36/118f8091-12e1-8f80-bee8-c6a1f3f1660e?origin=2,20,2026-08-14
Dez/24,"R$ 244.848 milhões, estável em três meses e",76.0,%,Outros,Informe de Resultados 1T25 (BRGAAP) - Santander Brasil,https://api.mziq.com/mzfilemanager/v2/d/a2595886-9fbb-4339-8a38-71d6ce7c7d36/118f8091-12e1-8f80-bee8-c6a1f3f1660e?origin=2,23,2026-08-14
Mar/24,"R$ 244.848 milhões, estável em três meses e",40.0,%,Outros,Informe de Resultados 1T25 (BRGAAP) - Santander Brasil,https://api.mziq.com/mzfilemanager/v2/d/a2595886-9fbb-4339-8a38-71d6ce7c7d36/118f8091-12e1-8f80-bee8-c6a1f3f1660e?origin=2,23,2026-08-14
Mar/25,"R$ 244.848 milhões, estável em três meses e",74.0,%,Outros,Informe de Resultados 1T25 (BRGAAP) - Santander Brasil,https://api.mziq.com/mzfilemanager/v2/d/a2595886-9fbb-4339-8a38-71d6ce7c7d36/118f8091-12e1-8f80-bee8-c6a1f3f1660e?origin=2,23,2026-08-14
Dez/24,Recursos de Aceites e Emissão de Títulos,169527.0,número,Outros,Informe de Resultados 1T25 (BRGAAP) - Santander Brasil,https://api.mziq.com/mzfilemanager/v2/d/a2595886-9fbb-4339-8a38-71d6ce7c7d36/118f8091-12e1-8f80-bee8-c6a1f3f1660e?origin=2,20,2026-08-14
Mar/24,Recursos de Aceites e Emissão de Títulos,164264.0,número,Outros,Informe de Resultados 1T25 (BRGAAP) - Santander Brasil,https://api.mziq.com/mzfilemanager/v2/d/a2595886-9fbb-4339-8a38-71d6ce7c7d36/118f8091-12e1-8f80-bee8-c6a1f3f1660e?origin=2,20,2026-08-14
Dez/24,Relações Interdependências,5971.0,número,Outros,Informe de Resultados 1T25 (BRGAAP) - Santander Brasil,https://api.mziq.com/mzfilemanager/v2/d/a2595886-9fbb-4339-8a38-71d6ce7c7d36/118f8091-12e1-8f80-bee8-c6a1f3f1660e?origin=2,20,2026-08-14
Mar/24,Relações Interdependências,4569.0,número,Outros,Informe de Resultados 1T25 (BRGAAP) - Santander Brasil,https://api.mziq.com/mzfilemanager/v2/d/a2595886-9fbb-4339-8a38-71d6ce7c7d36/118f8091-12e1-8f80-bee8-c6a1f3f1660e?origin=2,20,2026-08-14
Dez/24,Relações Interfinanceiras,119060.0,número,Outros,Informe de Resultados 1T25 (BRGAAP) - Santander Brasil,https://api.mziq.com/mzfilemanager/v2/d/a2595886-9fbb-4339-8a38-71d6ce7c7d36/118f8091-12e1-8f80-bee8-c6a1f3f1660e?origin=2,20,2026-08-14
Mar/24,Relações Interfinanceiras,118608.0,número,Outros,Informe de Resultados 1T25 (BRGAAP) - Santander Brasil,https://api.mziq.com/mzfilemanager/v2/d/a2595886-9fbb-4339-8a38-71d6ce7c7d36/118f8091-12e1-8f80-bee8-c6a1f3f1660e?origin=2,20,2026-08-14
1T24,Remuneração2,-2293.0,número,Outros,Informe de Resultados 1T25 (BRGAAP) - Santander Brasil,https://api.mziq.com/mzfilemanager/v2/d/a2595886-9fbb-4339-8a38-71d6ce7c7d36/118f8091-12e1-8f80-bee8-c6a1f3f1660e?origin=2,19,2026-08-14
4T24,Remuneração2,-2132.0,número,Outros,Informe de Resultados 1T25 (BRGAAP) - Santander Brasil,https://api.mziq.com/mzfilemanager/v2/d/a2595886-9fbb-4339-8a38-71d6ce7c7d36/118f8091-12e1-8f80-bee8-c6a1f3f1660e?origin=2,19,2026-08-14
Dez/24,Repasses,7503.0,número,Outros,Informe de Resultados 1T25 (BRGAAP) - Santander Brasil,https://api.mziq.com/mzfilemanager/v2/d/a2595886-9fbb-4339-8a38-71d6ce7c7d36/118f8091-12e1-8f80-bee8-c6a1f3f1660e?origin=2,22,2026-08-14
Mar/24,Repasses,7850.0,número,Outros,Informe de Resultados 1T25 (BRGAAP) - Santander Brasil,https://api.mziq.com/mzfilemanager/v2/d/a2595886-9fbb-4339-8a38-71d6ce7c7d36/118f8091-12e1-8f80-bee8-c6a1f3f1660e?origin=2,22,2026-08-14
1T24,Resultado de cartões,-435.0,número,Outros,Informe de Resultados 1T25 (BRGAAP) - Santander Brasil,https://api.mziq.com/mzfilemanager/v2/d/a2595886-9fbb-4339-8a38-71d6ce7c7d36/118f8091-12e1-8f80-bee8-c6a1f3f1660e?origin=2,20,2026-08-14
4T24,Resultado de cartões,-452.0,número,Outros,Informe de Resultados 1T25 (BRGAAP) - Santander Brasil,https://api.mziq.com/mzfilemanager/v2/d/a2595886-9fbb-4339-8a38-71d6ce7c7d36/118f8091-12e1-8f80-bee8-c6a1f3f1660e?origin=2,20,2026-08-14
Dez/24,Risco Operacional,73148.0,número,Outros,Informe de Resultados 1T25 (BRGAAP) - Santander Brasil,https://api.mziq.com/mzfilemanager/v2/d/a2595886-9fbb-4339-8a38-71d6ce7c7d36/118f8091-12e1-8f80-bee8-c6a1f3f1660e?origin=2,24,2026-08-14
Mar/24,Risco Operacional,60643.0,número,Outros,Informe de Resultados 1T25 (BRGAAP) - Santander Brasil,https://api.mziq.com/mzfilemanager/v2/d/a2595886-9fbb-4339-8a38-71d6ce7c7d36/118f8091-12e1-8f80-bee8-c6a1f3f1660e?origin=2,24,2026-08-14
Dez/24,Risco de Crédito,604366.0,número,Outros,Informe de Resultados 1T25 (BRGAAP) - Santander Brasil,https://api.mziq.com/mzfilemanager/v2/d/a2595886-9fbb-4339-8a38-71d6ce7c7d36/118f8091-12e1-8f80-bee8-c6a1f3f1660e?origin=2,24,2026-08-14
Mar/24,Risco de Crédito,603287.0,número,Outros,Informe de Resultados 1T25 (BRGAAP) - Santander Brasil,https://api.mziq.com/mzfilemanager/v2/d/a2595886-9fbb-4339-8a38-71d6ce7c7d36/118f8091-12e1-8f80-bee8-c6a1f3f1660e?origin=2,24,2026-08-14
Dez/24,Risco de Mercado,48127.0,número,Outros,Informe de Resultados 1T25 (BRGAAP) - Santander Brasil,https://api.mziq.com/mzfilemanager/v2/d/a2595886-9fbb-4339-8a38-71d6ce7c7d36/118f8091-12e1-8f80-bee8-c6a1f3f1660e?origin=2,24,2026-08-14
Mar/24,Risco de Mercado,43524.0,número,Outros,Informe de Resultados 1T25 (BRGAAP) - Santander Brasil,https://api.mziq.com/mzfilemanager/v2/d/a2595886-9fbb-4339-8a38-71d6ce7c7d36/118f8091-12e1-8f80-bee8-c6a1f3f1660e?origin=2,24,2026-08-14
1T24,Seguros,1050.0,número,Outros,Informe de Resultados 1T25 (BRGAAP) - Santander Brasil,https://api.mziq.com/mzfilemanager/v2/d/a2595886-9fbb-4339-8a38-71d6ce7c7d36/118f8091-12e1-8f80-bee8-c6a1f3f1660e?origin=2,14,2026-08-14
4T24,Seguros,1028.0,número,Outros,Informe de Resultados 1T25 (BRGAAP) - Santander Brasil,https://api.mziq.com/mzfilemanager/v2/d/a2595886-9fbb-4339-8a38-71d6ce7c7d36/118f8091-12e1-8f80-bee8-c6a1f3f1660e?origin=2,14,2026-08-14
1T24,"Serviços de Terceiros, Transportes, Segurança e Sistema Financeiro",-922.0,número,Outros,Informe de Resultados 1T25 (BRGAAP) - Santander Brasil,https://api.mziq.com/mzfilemanager/v2/d/a2595886-9fbb-4339-8a38-71d6ce7c7d36/118f8091-12e1-8f80-bee8-c6a1f3f1660e?origin=2,19,2026-08-14
4T24,"Serviços de Terceiros, Transportes, Segurança e Sistema Financeiro",-952.0,número,Outros,Informe de Resultados 1T25 (BRGAAP) - Santander Brasil,https://api.mziq.com/mzfilemanager/v2/d/a2595886-9fbb-4339-8a38-71d6ce7c7d36/118f8091-12e1-8f80-bee8-c6a1f3f1660e?origin=2,19,2026-08-14
1T24,Spread (a.a.),10.49,%,Outros,Informe de Resultados 1T25 (BRGAAP) - Santander Brasil,https://api.mziq.com/mzfilemanager/v2/d/a2595886-9fbb-4339-8a38-71d6ce7c7d36/118f8091-12e1-8f80-bee8-c6a1f3f1660e?origin=2,13,2026-08-14
4T24,Spread (a.a.),10.51,%,Outros,Informe de Resultados 1T25 (BRGAAP) - Santander Brasil,https://api.mziq.com/mzfilemanager/v2/d/a2595886-9fbb-4339-8a38-71d6ce7c7d36/118f8091-12e1-8f80-bee8-c6a1f3f1660e?origin=2,13,2026-08-14
1T24,Subtotal,-2634.0,número,Outros,Informe de Resultados 1T25 (BRGAAP) - Santander Brasil,https://api.mziq.com/mzfilemanager/v2/d/a2595886-9fbb-4339-8a38-71d6ce7c7d36/118f8091-12e1-8f80-bee8-c6a1f3f1660e?origin=2,19,2026-08-14
4T24,Subtotal,-2570.0,número,Outros,Informe de Resultados 1T25 (BRGAAP) - Santander Brasil,https://api.mziq.com/mzfilemanager/v2/d/a2595886-9fbb-4339-8a38-71d6ce7c7d36/118f8091-12e1-8f80-bee8-c6a1f3f1660e?origin=2,19,2026-08-14
Dez/24,Total,546265.0,número,Outros,Informe de Resultados 1T25 (BRGAAP) - Santander Brasil,https://api.mziq.com/mzfilemanager/v2/d/a2595886-9fbb-4339-8a38-71d6ce7c7d36/118f8091-12e1-8f80-bee8-c6a1f3f1660e?origin=2,21,2026-08-14
Mar/24,Total,549657.0,número,Outros,Informe de Resultados 1T25 (BRGAAP) - Santander Brasil,https://api.mziq.com/mzfilemanager/v2/d/a2595886-9fbb-4339-8a38-71d6ce7c7d36/118f8091-12e1-8f80-bee8-c6a1f3f1660e?origin=2,21,2026-08-14
Dez/24,Total Crédito Clientes4 (C),614796.0,número,Outros,Informe de Resultados 1T25 (BRGAAP) - Santander Brasil,https://api.mziq.com/mzfilemanager/v2/d/a2595886-9fbb-4339-8a38-71d6ce7c7d36/118f8091-12e1-8f80-bee8-c6a1f3f1660e?origin=2,24,2026-08-14
Mar/24,Total Crédito Clientes4 (C),617590.0,número,Outros,Informe de Resultados 1T25 (BRGAAP) - Santander Brasil,https://api.mziq.com/mzfilemanager/v2/d/a2595886-9fbb-4339-8a38-71d6ce7c7d36/118f8091-12e1-8f80-bee8-c6a1f3f1660e?origin=2,24,2026-08-14
Dez/24,Total de Captações e Fundos,1162955.0,número,Outros,Informe de Resultados 1T25 (BRGAAP) - Santander Brasil,https://api.mziq.com/mzfilemanager/v2/d/a2595886-9fbb-4339-8a38-71d6ce7c7d36/118f8091-12e1-8f80-bee8-c6a1f3f1660e?origin=2,24,2026-08-14
Mar/24,Total de Captações e Fundos,1145053.0,número,Outros,Informe de Resultados 1T25 (BRGAAP) - Santander Brasil,https://api.mziq.com/mzfilemanager/v2/d/a2595886-9fbb-4339-8a38-71d6ce7c7d36/118f8091-12e1-8f80-bee8-c6a1f3f1660e?origin=2,24,2026-08-14
1T24,Treinamento,-18.0,número,Outros,Informe de Resultados 1T25 (BRGAAP) - Santander Brasil,https://api.mziq.com/mzfilemanager/v2/d/a2595886-9fbb-4339-8a38-71d6ce7c7d36/118f8091-12e1-8f80-bee8-c6a1f3f1660e?origin=2,19,2026-08-14
4T24,Treinamento,-21.0,número,Outros,Informe de Resultados 1T25 (BRGAAP) - Santander Brasil,https://api.mziq.com/mzfilemanager/v2/d/a2595886-9fbb-4339-8a38-71d6ce7c7d36/118f8091-12e1-8f80-bee8-c6a1f3f1660e?origin=2,19,2026-08-14
Dez/24,Títulos e Valores Mobiliários e Instrumentos Financeiros Derivativos,122467.0,número,Outros,Informe de Resultados 1T25 (BRGAAP) - Santander Brasil,https://api.mziq.com/mzfilemanager/v2/d/a2595886-9fbb-4339-8a38-71d6ce7c7d36/118f8091-12e1-8f80-bee8-c6a1f3f1660e?origin=2,20,2026-08-14
Mar/24,Títulos e Valores Mobiliários e Instrumentos Financeiros Derivativos,322945.0,número,Outros,Informe de Resultados 1T25 (BRGAAP) - Santander Brasil,https://api.mziq.com/mzfilemanager/v2/d/a2595886-9fbb-4339-8a38-71d6ce7c7d36/118f8091-12e1-8f80-bee8-c6a1f3f1660e?origin=2,20,2026-08-14
Dez/24,Títulos privados,68530.0,número,Outros,Informe de Resultados 1T25 (BRGAAP) - Santander Brasil,https://api.mziq.com/mzfilemanager/v2/d/a2595886-9fbb-4339-8a38-71d6ce7c7d36/118f8091-12e1-8f80-bee8-c6a1f3f1660e?origin=2,21,2026-08-14
Mar/24,Títulos privados,67933.0,número,Outros,Informe de Resultados 1T25 (BRGAAP) - Santander Brasil,https://api.mziq.com/mzfilemanager/v2/d/a2595886-9fbb-4339-8a38-71d6ce7c7d36/118f8091-12e1-8f80-bee8-c6a1f3f1660e?origin=2,21,2026-08-14
1T24,Volume,596124.0,número,Outros,Informe de Resultados 1T25 (BRGAAP) - Santander Brasil,https://api.mziq.com/mzfilemanager/v2/d/a2595886-9fbb-4339-8a38-71d6ce7c7d36/118f8091-12e1-8f80-bee8-c6a1f3f1660e?origin=2,13,2026-08-14
4T24,Volume,605630.0,número,Outros,Informe de Resultados 1T25 (BRGAAP) - Santander Brasil,https://api.mziq.com/mzfilemanager/v2/d/a2595886-9fbb-4339-8a38-71d6ce7c7d36/118f8091-12e1-8f80-bee8-c6a1f3f1660e?origin=2,13,2026-08-14
Dez/24,nossa carteira ampliada de Pessoa Jurídica era,319685.0,número,Outros,Informe de Resultados 1T25 (BRGAAP) - Santander Brasil,https://api.mziq.com/mzfilemanager/v2/d/a2595886-9fbb-4339-8a38-71d6ce7c7d36/118f8091-12e1-8f80-bee8-c6a1f3f1660e?origin=2,23,2026-08-14
Mar/24,nossa carteira ampliada de Pessoa Jurídica era,120.0,%,Outros,Informe de Resultados 1T25 (BRGAAP) - Santander Brasil,https://api.mziq.com/mzfilemanager/v2/d/a2595886-9fbb-4339-8a38-71d6ce7c7d36/118f8091-12e1-8f80-bee8-c6a1f3f1660e?origin=2,23,2026-08-14
Mar/25,nossa carteira ampliada de Pessoa Jurídica era,330125.0,número,Outros,Informe de Resultados 1T25 (BRGAAP) - Santander Brasil,https://api.mziq.com/mzfilemanager/v2/d/a2595886-9fbb-4339-8a38-71d6ce7c7d36/118f8091-12e1-8f80-bee8-c6a1f3f1660e?origin=2,23,2026-08-14
1T24,"Água, Energia e Gás",-41.0,número,Outros,Informe de Resultados 1T25 (BRGAAP) - Santander Brasil,https://api.mziq.com/mzfilemanager/v2/d/a2595886-9fbb-4339-8a38-71d6ce7c7d36/118f8091-12e1-8f80-bee8-c6a1f3f1660e?origin=2,19,2026-08-14
4T24,"Água, Energia e Gás",-43.0,número,Outros,Informe de Resultados 1T25 (BRGAAP) - Santander Brasil,https://api.mziq.com/mzfilemanager/v2/d/a2595886-9fbb-4339-8a38-71d6ce7c7d36/118f8091-12e1-8f80-bee8-c6a1f3f1660e?origin=2,19,2026-08-14
1T24,Índice de cobertura (Estágio,109.5,%,Outros,Informe de Resultados 1T25 (BRGAAP) - Santander Brasil,https://api.mziq.com/mzfilemanager/v2/d/a2595886-9fbb-4339-8a38-71d6ce7c7d36/118f8091-12e1-8f80-bee8-c6a1f3f1660e?origin=2,11,2026-08-14
1T24,ROAA gerencial,1.2,%,Rentabilidade,Informe de Resultados 1T25 (BRGAAP) - Santander Brasil,https://api.mziq.com/mzfilemanager/v2/d/a2595886-9fbb-4339-8a38-71d6ce7c7d36/118f8091-12e1-8f80-bee8-c6a1f3f1660e?origin=2,11,2026-08-14
4T24,ROAA gerencial,1.2,%,Rentabilidade,Informe de Resultados 1T25 (BRGAAP) - Santander Brasil,https://api.mziq.com/mzfilemanager/v2/d/a2595886-9fbb-4339-8a38-71d6ce7c7d36/118f8091-12e1-8f80-bee8-c6a1f3f1660e?origin=2,11,2026-08-14
1T24,ROAE gerencial,17.6,%,Rentabilidade,Informe de Resultados 1T25 (BRGAAP) - Santander Brasil,https://api.mziq.com/mzfilemanager/v2/d/a2595886-9fbb-4339-8a38-71d6ce7c7d36/118f8091-12e1-8f80-bee8-c6a1f3f1660e?origin=2,11,2026-08-14
4T24,ROAE gerencial,17.4,%,Rentabilidade,Informe de Resultados 1T25 (BRGAAP) - Santander Brasil,https://api.mziq.com/mzfilemanager/v2/d/a2595886-9fbb-4339-8a38-71d6ce7c7d36/118f8091-12e1-8f80-bee8-c6a1f3f1660e?origin=2,11,2026-08-14
